tail,date,flight,origin,dest,app_status,capture,image,slot,note
5X-NIL,2026-07-25,UR430,EBB,BOM,green,2026-09-30 20:4x-20:5x,Screenshot_20260930_205121_Flightradar24.jpg,100,
5X-NIL,2026-07-26,UR110,EBB,LGW,red,2026-09-30 20:4x-20:5x,Screenshot_20260930_205121_Flightradar24.jpg,98,
5X-NIL,2026-07-26,UR111,LGW,EBB,red,2026-09-30 20:4x-20:5x,Screenshot_20260930_205121_Flightradar24.jpg,97,
5X-NIL,2026-07-26,UR431,BOM,EBB,green,2026-09-30 20:4x-20:5x,Screenshot_20260930_205121_Flightradar24.jpg,99,
5X-NIL,2026-07-28,UR110,EBB,LGW,green,2026-09-30 20:4x-20:5x,Screenshot_20260930_205121_Flightradar24.jpg,96,
5X-NIL,2026-07-28,UR111,LGW,EBB,green,2026-09-30 20:4x-20:5x,Screenshot_20260930_205121_Flightradar24.jpg,95,
5X-NIL,2026-07-29,UR430,EBB,BOM,green,2026-09-30 20:4x-20:5x,Screenshot_20260930_205121_Flightradar24.jpg,94,
5X-NIL,2026-07-30,UR431,BOM,EBB,green,2026-09-30 20:4x-20:5x,Screenshot_20260930_205121_Flightradar24.jpg,93,
5X-NIL,2026-07-31,UR110,EBB,LGW,green,2026-09-30 20:4x-20:5x,Screenshot_20260930_205121_Flightradar24.jpg,92,
5X-NIL,2026-07-31,UR111,LGW,EBB,green,2026-09-30 20:4x-20:5x,Screenshot_20260930_205121_Flightradar24.jpg,91,
5X-NIL,2026-08-01,UR430,EBB,BOM,red,2026-09-30 20:4x-20:5x,Screenshot_20260930_205121_Flightradar24.jpg,90,
5X-NIL,2026-08-02,UR110,EBB,LGW,green,2026-09-30 20:4x-20:5x,Screenshot_20260930_205121_Flightradar24.jpg,88,
5X-NIL,2026-08-02,UR111,LGW,EBB,amber,2026-09-30 20:4x-20:5x,Screenshot_20260930_205121_Flightradar24.jpg,87,
5X-NIL,2026-08-02,UR431,BOM,EBB,green,2026-09-30 20:4x-20:5x,Screenshot_20260930_205121_Flightradar24.jpg,89,
5X-NIL,2026-08-04,UR110,EBB,LGW,green,2026-09-30 20:4x-20:5x,Screenshot_20260930_205121_Flightradar24.jpg,86,
5X-NIL,2026-08-04,UR111,LGW,EBB,green,2026-09-30 20:4x-20:5x,Screenshot_20260930_205121_Flightradar24.jpg,85,
5X-NIL,2026-08-05,UR430,EBB,BOM,amber,2026-09-30 20:4x-20:5x,Screenshot_20260930_205121_Flightradar24.jpg,84,
5X-NIL,2026-08-06,UR431,BOM,EBB,red,2026-09-30 20:4x-20:5x,Screenshot_20260930_205121_Flightradar24.jpg,83,
5X-NIL,2026-08-07,UR110,EBB,LGW,green,2026-09-30 20:4x-20:5x,Screenshot_20260930_205121_Flightradar24.jpg,82,
5X-NIL,2026-08-07,UR111,LGW,EBB,amber,2026-09-30 20:4x-20:5x,Screenshot_20260930_205121_Flightradar24.jpg,81,
5X-NIL,2026-08-08,UR430,EBB,BOM,green,2026-09-30 20:4x-20:5x,Screenshot_20260930_205121_Flightradar24.jpg,80,
5X-NIL,2026-08-09,UR110,EBB,LGW,green,2026-09-30 20:4x-20:5x,Screenshot_20260930_205121_Flightradar24.jpg,78,
5X-NIL,2026-08-09,UR111,LGW,EBB,red,2026-09-30 20:4x-20:5x,Screenshot_20260930_205121_Flightradar24.jpg,77,
5X-NIL,2026-08-09,UR431,BOM,EBB,green,2026-09-30 20:4x-20:5x,Screenshot_20260930_205121_Flightradar24.jpg,79,
5X-NIL,2026-08-11,UR110,EBB,LGW,green,2026-09-30 20:4x-20:5x,Screenshot_20260930_205121_Flightradar24.jpg,76,
5X-NIL,2026-08-11,UR111,LGW,EBB,red,2026-09-30 20:4x-20:5x,Screenshot_20260930_205121_Flightradar24.jpg,75,
5X-NIL,2026-08-12,UR430,EBB,BOM,amber,2026-09-30 20:4x-20:5x,Screenshot_20260930_205121_Flightradar24.jpg,74,
5X-NIL,2026-08-13,UR431,BOM,EBB,amber,2026-09-30 20:4x-20:5x,Screenshot_20260930_205121_Flightradar24.jpg,73,
5X-NIL,2026-08-14,UR110,EBB,LGW,green,2026-09-30 20:4x-20:5x,Screenshot_20260930_205121_Flightradar24.jpg,72,
5X-NIL,2026-08-14,UR111,LGW,EBB,green,2026-09-30 20:4x-20:5x,Screenshot_20260930_205121_Flightradar24.jpg,71,
5X-NIL,2026-08-15,UR430,EBB,BOM,green,2026-09-30 20:4x-20:5x,Screenshot_20260930_205121_Flightradar24.jpg,70,
5X-NIL,2026-08-16,UR110,EBB,LGW,green,2026-09-30 20:4x-20:5x,Screenshot_20260930_205121_Flightradar24.jpg,68,
5X-NIL,2026-08-16,UR111,LGW,EBB,amber,2026-09-30 20:4x-20:5x,Screenshot_20260930_205121_Flightradar24.jpg,67,
5X-NIL,2026-08-16,UR431,BOM,EBB,green,2026-09-30 20:4x-20:5x,Screenshot_20260930_205121_Flightradar24.jpg,69,
5X-NIL,2026-08-18,UR110,EBB,LGW,green,2026-09-30 20:4x-20:5x,Screenshot_20260930_205121_Flightradar24.jpg,66,
5X-NIL,2026-08-18,UR111,LGW,EBB,green,2026-09-30 20:4x-20:5x,Screenshot_20260930_205121_Flightradar24.jpg,65,
5X-NIL,2026-08-19,UR430,EBB,BOM,amber,2026-09-30 20:4x-20:5x,Screenshot_20260930_205121_Flightradar24.jpg,64,
5X-NIL,2026-08-20,UR431,BOM,EBB,green,2026-09-30 20:4x-20:5x,Screenshot_20260930_205121_Flightradar24.jpg,63,
5X-NIL,2026-08-21,UR110,EBB,LGW,amber,2026-09-30 20:4x-20:5x,Screenshot_20260930_205121_Flightradar24.jpg,62,
5X-NIL,2026-08-21,UR111,LGW,EBB,red,2026-09-30 20:4x-20:5x,Screenshot_20260930_205121_Flightradar24.jpg,61,
5X-NIL,2026-08-22,UR430,EBB,BOM,red,2026-09-30 20:4x-20:5x,Screenshot_20260930_205121_Flightradar24.jpg,60,
5X-NIL,2026-08-23,UR110,EBB,LGW,amber,2026-09-30 20:4x-20:5x,Screenshot_20260930_205121_Flightradar24.jpg,58,
5X-NIL,2026-08-23,UR111,LGW,EBB,red,2026-09-30 20:4x-20:5x,Screenshot_20260930_205121_Flightradar24.jpg,57,
5X-NIL,2026-08-23,UR431,BOM,EBB,green,2026-09-30 20:4x-20:5x,Screenshot_20260930_205121_Flightradar24.jpg,59,
5X-NIL,2026-08-25,UR110,EBB,LGW,green,2026-09-30 20:4x-20:5x,Screenshot_20260930_205121_Flightradar24.jpg,56,
5X-NIL,2026-08-25,UR111,LGW,EBB,green,2026-09-30 20:4x-20:5x,Screenshot_20260930_205121_Flightradar24.jpg,55,
5X-NIL,2026-08-26,UR430,EBB,BOM,red,2026-09-30 20:4x-20:5x,Screenshot_20260930_205121_Flightradar24.jpg,54,
5X-NIL,2026-08-27,UR431,BOM,EBB,amber,2026-09-30 20:4x-20:5x,Screenshot_20260930_205121_Flightradar24.jpg,53,
5X-NIL,2026-08-28,UR110,EBB,LGW,green,2026-09-30 20:4x-20:5x,Screenshot_20260930_205121_Flightradar24.jpg,52,
5X-NIL,2026-08-28,UR111,LGW,EBB,green,2026-09-30 20:4x-20:5x,Screenshot_20260930_205121_Flightradar24.jpg,51,
5X-NIL,2026-08-29,UR430,EBB,BOM,green,2026-09-30 20:4x-20:5x,Screenshot_20260930_205121_Flightradar24.jpg,50,
5X-NIL,2026-08-30,UR110,EBB,LGW,green,2026-09-30 20:4x-20:5x,Screenshot_20260930_205121_Flightradar24.jpg,48,
5X-NIL,2026-08-30,UR111,LGW,EBB,amber,2026-09-30 20:4x-20:5x,Screenshot_20260930_205121_Flightradar24.jpg,47,
5X-NIL,2026-08-30,UR431,BOM,EBB,green,2026-09-30 20:4x-20:5x,Screenshot_20260930_205121_Flightradar24.jpg,49,
ET-APL,2026-08-31,UR208,EBB,NBO,red,2026-09-11 12:4x,Screenshot_20260911_124414_Flightradar24.jpg,44,
5X-EQU,2026-08-31,UR320,,,green,2026-09-11 12:4x,Screenshot_20260911_124626_Flightradar24.jpg,56,
5X-EQU,2026-08-31,UR321,DAR,EBB,green,2026-09-11 12:4x,Screenshot_20260911_124626_Flightradar24.jpg,55,
5X-KDP,2026-08-31,UR322,EBB,DAR,green,2026-09-11 12:4x,Screenshot_20260911_124545_Flightradar24.jpg,58,
5X-KDP,2026-08-31,UR323,DAR,EBB,green,2026-09-11 12:4x,Screenshot_20260911_124545_Flightradar24.jpg,57,
5X-KDP,2026-08-31,UR360,EBB,BJM,green,2026-09-11 12:4x,Screenshot_20260911_124545_Flightradar24.jpg,60,
5X-KDP,2026-08-31,UR361,BJM,EBB,green,2026-09-11 12:4x,Screenshot_20260911_124545_Flightradar24.jpg,59,
5X-KOB,2026-08-31,UR712,,,green,2026-09-11 12:4x,Screenshot_20260911_124506_Flightradar24.jpg,56,
5X-EQU,2026-08-31,UR720,LUN,HRE,green,2026-09-11 12:4x,Screenshot_20260911_124626_Flightradar24.jpg,53,
5X-EQU,2026-08-31,UR720,EBB,LUN,green,2026-09-11 12:4x,Screenshot_20260911_124626_Flightradar24.jpg,54,
5X-KDP,2026-08-31,UR720,HRE,EBB,green,2026-09-11 12:4x,Screenshot_20260911_124545_Flightradar24.jpg,61,
5X-NIL,2026-09-01,UR110,EBB,LGW,green,2026-09-30 20:4x-20:5x,Screenshot_20260930_205121_Flightradar24.jpg,46,
5X-NIL,2026-09-01,UR111,LGW,EBB,green,2026-09-30 20:4x-20:5x,Screenshot_20260930_205121_Flightradar24.jpg,45,
ET-APL,2026-09-01,UR206,EBB,NBO,green,2026-09-11 12:4x,Screenshot_20260911_124414_Flightradar24.jpg,42,
ET-APL,2026-09-01,UR207,NBO,EBB,red,2026-09-11 12:4x,Screenshot_20260911_124414_Flightradar24.jpg,41,repeated in the same capture
5X-KOB,2026-09-01,UR320,EBB,DAR,green,2026-09-11 12:4x,Screenshot_20260911_124506_Flightradar24.jpg,54,
5X-KOB,2026-09-01,UR321,DAR,EBB,green,2026-09-11 12:4x,Screenshot_20260911_124506_Flightradar24.jpg,53,
5X-KOB,2026-09-01,UR360,EBB,BJM,green,2026-09-11 12:4x,Screenshot_20260911_124506_Flightradar24.jpg,52,
5X-KOB,2026-09-01,UR361,BJM,EBB,green,2026-09-11 12:4x,Screenshot_20260911_124506_Flightradar24.jpg,51,
5X-KDP,2026-09-01,UR520,EBB,MGQ,green,2026-09-11 12:4x,Screenshot_20260911_124545_Flightradar24.jpg,56,
5X-KDP,2026-09-01,UR521,MGQ,EBB,green,2026-09-11 12:4x,Screenshot_20260911_124545_Flightradar24.jpg,55,
ET-APL,2026-09-01,UR712,EBB,JNB,green,2026-09-11 12:4x,Screenshot_20260911_124414_Flightradar24.jpg,40,
5X-KOB,2026-09-01,UR713,JNB,EBB,green,2026-09-11 12:4x,Screenshot_20260911_124506_Flightradar24.jpg,55,
5X-EQU,2026-09-01,UR720,HRE,EBB,green,2026-09-11 12:4x,Screenshot_20260911_124626_Flightradar24.jpg,52,
5X-KDP,2026-09-01,UR722,LUN,EBB,red,2026-09-11 12:4x,Screenshot_20260911_124545_Flightradar24.jpg,52,
5X-KDP,2026-09-01,UR722,HRE,LUN,red,2026-09-11 12:4x,Screenshot_20260911_124545_Flightradar24.jpg,53,
5X-KDP,2026-09-01,UR722,EBB,HRE,amber,2026-09-11 12:4x,Screenshot_20260911_124545_Flightradar24.jpg,54,
5X-KDP,2026-09-02,UR120,EBB,JUB,grey,2026-09-11 12:4x,Screenshot_20260911_124545_Flightradar24.jpg,49,
5X-KDP,2026-09-02,UR121,JUB,EBB,grey,2026-09-11 12:4x,Screenshot_20260911_124545_Flightradar24.jpg,48,
5X-KOB,2026-09-02,UR122,EBB,JUB,green,2026-09-11 12:4x,Screenshot_20260911_124506_Flightradar24.jpg,50,
5X-KOB,2026-09-02,UR123,JUB,EBB,green,2026-09-11 12:4x,Screenshot_20260911_124506_Flightradar24.jpg,49,
5X-KDP,2026-09-02,UR200,EBB,NBO,green,2026-09-11 12:4x,Screenshot_20260911_124545_Flightradar24.jpg,51,
5X-KDP,2026-09-02,UR201,NBO,EBB,green,2026-09-11 12:4x,Screenshot_20260911_124545_Flightradar24.jpg,50,
5X-KDP,2026-09-02,UR208,EBB,NBO,green,2026-09-11 12:4x,Screenshot_20260911_124545_Flightradar24.jpg,45,
5X-EQU,2026-09-02,UR322,EBB,DAR,green,2026-09-11 12:4x,Screenshot_20260911_124626_Flightradar24.jpg,48,
5X-KOB,2026-09-02,UR334,JRO,EBB,green,2026-09-11 12:4x,Screenshot_20260911_124506_Flightradar24.jpg,46,
5X-KOB,2026-09-02,UR334,ZNZ,JRO,green,2026-09-11 12:4x,Screenshot_20260911_124506_Flightradar24.jpg,47,
5X-KOB,2026-09-02,UR334,EBB,ZNZ,green,2026-09-11 12:4x,Screenshot_20260911_124506_Flightradar24.jpg,48,
5X-KOB,2026-09-02,UR342,EBB,MBA,green,2026-09-11 12:4x,Screenshot_20260911_124506_Flightradar24.jpg,45,
5X-KOB,2026-09-02,UR343,MBA,EBB,green,2026-09-11 12:4x,Screenshot_20260911_124506_Flightradar24.jpg,44,
5X-KDP,2026-09-02,UR360,EBB,BJM,green,2026-09-11 12:4x,Screenshot_20260911_124545_Flightradar24.jpg,47,
5X-KDP,2026-09-02,UR361,BJM,EBB,green,2026-09-11 12:4x,Screenshot_20260911_124545_Flightradar24.jpg,46,
5X-NIL,2026-09-02,UR430,EBB,BOM,amber,2026-09-30 20:4x-20:5x,Screenshot_20260930_205121_Flightradar24.jpg,44,
ET-APL,2026-09-02,UR710,EBB,JNB,green,2026-09-11 12:4x,Screenshot_20260911_124414_Flightradar24.jpg,38,
ET-APL,2026-09-02,UR711,JNB,EBB,amber,2026-09-11 12:4x,Screenshot_20260911_124414_Flightradar24.jpg,37,
ET-APL,2026-09-02,UR713,JNB,EBB,green,2026-09-11 12:4x,Screenshot_20260911_124414_Flightradar24.jpg,39,
5X-EQU,2026-09-02,UR722,LUN,EBB,green,2026-09-11 12:4x,Screenshot_20260911_124626_Flightradar24.jpg,49,
5X-EQU,2026-09-02,UR722,HRE,LUN,green,2026-09-11 12:4x,Screenshot_20260911_124626_Flightradar24.jpg,50,
5X-EQU,2026-09-02,UR722,EBB,HRE,green,2026-09-11 12:4x,Screenshot_20260911_124626_Flightradar24.jpg,51,
5X-EQU,2026-09-03,UR120,EBB,JUB,green,2026-09-11 12:4x,Screenshot_20260911_124626_Flightradar24.jpg,44,
5X-EQU,2026-09-03,UR121,JUB,EBB,green,2026-09-11 12:4x,Screenshot_20260911_124626_Flightradar24.jpg,43,
5X-EQU,2026-09-03,UR200,EBB,NBO,green,2026-09-11 12:4x,Screenshot_20260911_124626_Flightradar24.jpg,46,
5X-EQU,2026-09-03,UR201,NBO,EBB,green,2026-09-11 12:4x,Screenshot_20260911_124626_Flightradar24.jpg,45,
5X-KDP,2026-09-03,UR208,EBB,NBO,green,2026-09-11 12:4x,Screenshot_20260911_124545_Flightradar24.jpg,41,
5X-KDP,2026-09-03,UR209,NBO,EBB,green,2026-09-11 12:4x,Screenshot_20260911_124545_Flightradar24.jpg,44,
5X-EQU,2026-09-03,UR322,EBB,DAR,green,2026-09-11 12:4x,Screenshot_20260911_124626_Flightradar24.jpg,42,
5X-EQU,2026-09-03,UR323,DAR,EBB,green,2026-09-11 12:4x,Screenshot_20260911_124626_Flightradar24.jpg,47,
5X-KDP,2026-09-03,UR360,EBB,BJM,green,2026-09-11 12:4x,Screenshot_20260911_124545_Flightradar24.jpg,43,
5X-KDP,2026-09-03,UR361,BJM,EBB,green,2026-09-11 12:4x,Screenshot_20260911_124545_Flightradar24.jpg,42,
5X-NIL,2026-09-03,UR431,BOM,EBB,green,2026-09-30 20:4x-20:5x,Screenshot_20260930_205121_Flightradar24.jpg,43,
ET-APL,2026-09-03,UR722,LUN,EBB,red,2026-09-11 12:4x,Screenshot_20260911_124414_Flightradar24.jpg,34,
ET-APL,2026-09-03,UR722,HRE,LUN,red,2026-09-11 12:4x,Screenshot_20260911_124414_Flightradar24.jpg,35,
ET-APL,2026-09-03,UR722,EBB,HRE,amber,2026-09-11 12:4x,Screenshot_20260911_124414_Flightradar24.jpg,36,
ET-APL,2026-09-03,UR902,EBB,LOS,red,2026-09-11 12:4x,Screenshot_20260911_124414_Flightradar24.jpg,33,
5X-NIL,2026-09-04,UR110,EBB,LGW,amber,2026-09-30 20:4x-20:5x,Screenshot_20260930_205121_Flightradar24.jpg,42,
5X-NIL,2026-09-04,UR111,LGW,EBB,amber,2026-09-30 20:4x-20:5x,Screenshot_20260930_205121_Flightradar24.jpg,41,
5X-EQU,2026-09-04,UR120,EBB,JUB,green,2026-09-11 12:4x,Screenshot_20260911_124626_Flightradar24.jpg,38,
5X-EQU,2026-09-04,UR121,JUB,EBB,green,2026-09-11 12:4x,Screenshot_20260911_124626_Flightradar24.jpg,37,
5X-KDP,2026-09-04,UR200,EBB,NBO,green,2026-09-11 12:4x,Screenshot_20260911_124545_Flightradar24.jpg,39,
5X-KDP,2026-09-04,UR201,NBO,EBB,green,2026-09-11 12:4x,Screenshot_20260911_124545_Flightradar24.jpg,38,
5X-KDP,2026-09-04,UR206,EBB,NBO,green,2026-09-11 12:4x,Screenshot_20260911_124545_Flightradar24.jpg,37,
5X-KDP,2026-09-04,UR207,NBO,EBB,green,2026-09-11 12:4x,Screenshot_20260911_124545_Flightradar24.jpg,36,
5X-KDP,2026-09-04,UR209,NBO,EBB,green,2026-09-11 12:4x,Screenshot_20260911_124545_Flightradar24.jpg,40,
5X-KDP,2026-09-04,UR322,EBB,DAR,green,2026-09-11 12:4x,Screenshot_20260911_124545_Flightradar24.jpg,35,
5X-EQU,2026-09-04,UR323,DAR,EBB,green,2026-09-11 12:4x,Screenshot_20260911_124626_Flightradar24.jpg,41,
5X-KOB,2026-09-04,UR334,JRO,EBB,green,2026-09-11 12:4x,Screenshot_20260911_124506_Flightradar24.jpg,41,
5X-KOB,2026-09-04,UR334,ZNZ,JRO,green,2026-09-11 12:4x,Screenshot_20260911_124506_Flightradar24.jpg,42,
5X-KOB,2026-09-04,UR334,EBB,ZNZ,green,2026-09-11 12:4x,Screenshot_20260911_124506_Flightradar24.jpg,43,
5X-EQU,2026-09-04,UR342,EBB,MBA,green,2026-09-11 12:4x,Screenshot_20260911_124626_Flightradar24.jpg,36,
5X-EQU,2026-09-04,UR343,MBA,EBB,green,2026-09-11 12:4x,Screenshot_20260911_124626_Flightradar24.jpg,35,
5X-KOB,2026-09-04,UR360,EBB,BJM,green,2026-09-11 12:4x,Screenshot_20260911_124506_Flightradar24.jpg,40,
5X-KOB,2026-09-04,UR361,BJM,EBB,green,2026-09-11 12:4x,Screenshot_20260911_124506_Flightradar24.jpg,39,
5X-EQU,2026-09-04,UR520,EBB,MGQ,green,2026-09-11 12:4x,Screenshot_20260911_124626_Flightradar24.jpg,40,
5X-EQU,2026-09-04,UR521,MGQ,EBB,green,2026-09-11 12:4x,Screenshot_20260911_124626_Flightradar24.jpg,39,
ET-APL,2026-09-04,UR710,EBB,JNB,red,2026-09-11 12:4x,Screenshot_20260911_124414_Flightradar24.jpg,31,
ET-APL,2026-09-04,UR711,JNB,EBB,red,2026-09-11 12:4x,Screenshot_20260911_124414_Flightradar24.jpg,30,
5X-KOB,2026-09-04,UR720,LUN,HRE,green,2026-09-11 12:4x,Screenshot_20260911_124506_Flightradar24.jpg,37,
5X-KOB,2026-09-04,UR720,EBB,LUN,green,2026-09-11 12:4x,Screenshot_20260911_124506_Flightradar24.jpg,38,
ET-APL,2026-09-04,UR902,EBB,LOS,red,2026-09-11 12:4x,Screenshot_20260911_124414_Flightradar24.jpg,29,
ET-APL,2026-09-04,UR903,LOS,EBB,red,2026-09-11 12:4x,Screenshot_20260911_124414_Flightradar24.jpg,32,
5X-KOB,2026-09-05,UR120,EBB,JUB,green,2026-09-11 12:4x,Screenshot_20260911_124506_Flightradar24.jpg,33,
5X-KOB,2026-09-05,UR121,JUB,EBB,green,2026-09-11 12:4x,Screenshot_20260911_124506_Flightradar24.jpg,32,
5X-KOB,2026-09-05,UR200,EBB,NBO,green,2026-09-11 12:4x,Screenshot_20260911_124506_Flightradar24.jpg,35,
5X-KOB,2026-09-05,UR201,NBO,EBB,green,2026-09-11 12:4x,Screenshot_20260911_124506_Flightradar24.jpg,34,
5X-KDP,2026-09-05,UR208,EBB,NBO,green,2026-09-11 12:4x,Screenshot_20260911_124545_Flightradar24.jpg,31,
5X-KOB,2026-09-05,UR322,EBB,DAR,green,2026-09-11 12:4x,Screenshot_20260911_124506_Flightradar24.jpg,31,
5X-KDP,2026-09-05,UR323,DAR,EBB,green,2026-09-11 12:4x,Screenshot_20260911_124545_Flightradar24.jpg,34,
5X-NIL,2026-09-05,UR430,EBB,BOM,green,2026-09-30 20:4x-20:5x,Screenshot_20260930_205121_Flightradar24.jpg,40,
5X-KDP,2026-09-05,UR520,EBB,MGQ,green,2026-09-11 12:4x,Screenshot_20260911_124545_Flightradar24.jpg,33,
5X-KDP,2026-09-05,UR521,MGQ,EBB,green,2026-09-11 12:4x,Screenshot_20260911_124545_Flightradar24.jpg,32,
ET-APL,2026-09-05,UR710,EBB,JNB,red,2026-09-11 12:4x,Screenshot_20260911_124414_Flightradar24.jpg,27,
ET-APL,2026-09-05,UR711,JNB,EBB,red,2026-09-11 12:4x,Screenshot_20260911_124414_Flightradar24.jpg,26,
5X-KOB,2026-09-05,UR720,HRE,EBB,green,2026-09-11 12:4x,Screenshot_20260911_124506_Flightradar24.jpg,36,
ET-APL,2026-09-05,UR720,LUN,HRE,green,2026-09-11 12:4x,Screenshot_20260911_124414_Flightradar24.jpg,24,
ET-APL,2026-09-05,UR720,EBB,LUN,amber,2026-09-11 12:4x,Screenshot_20260911_124414_Flightradar24.jpg,25,
5X-EQU,2026-09-05,UR722,LUN,EBB,green,2026-09-11 12:4x,Screenshot_20260911_124626_Flightradar24.jpg,32,
5X-EQU,2026-09-05,UR722,HRE,LUN,green,2026-09-11 12:4x,Screenshot_20260911_124626_Flightradar24.jpg,33,
5X-EQU,2026-09-05,UR722,EBB,HRE,green,2026-09-11 12:4x,Screenshot_20260911_124626_Flightradar24.jpg,34,
ET-APL,2026-09-05,UR903,LOS,EBB,red,2026-09-11 12:4x,Screenshot_20260911_124414_Flightradar24.jpg,28,
5X-NIL,2026-09-06,UR110,EBB,LGW,amber,2026-09-30 20:4x-20:5x,Screenshot_20260930_205121_Flightradar24.jpg,38,
5X-NIL,2026-09-06,UR111,LGW,EBB,amber,2026-09-30 20:4x-20:5x,Screenshot_20260930_205121_Flightradar24.jpg,37,
5X-KDP,2026-09-06,UR120,EBB,JUB,green,2026-09-11 12:4x,Screenshot_20260911_124545_Flightradar24.jpg,27,
5X-KDP,2026-09-06,UR121,JUB,EBB,green,2026-09-11 12:4x,Screenshot_20260911_124545_Flightradar24.jpg,26,
5X-KDP,2026-09-06,UR200,EBB,NBO,green,2026-09-11 12:4x,Screenshot_20260911_124545_Flightradar24.jpg,29,
5X-KDP,2026-09-06,UR201,NBO,EBB,green,2026-09-11 12:4x,Screenshot_20260911_124545_Flightradar24.jpg,28,
5X-KOB,2026-09-06,UR206,EBB,NBO,green,2026-09-11 12:4x,Screenshot_20260911_124506_Flightradar24.jpg,25,
5X-KOB,2026-09-06,UR207,NBO,EBB,green,2026-09-11 12:4x,Screenshot_20260911_124506_Flightradar24.jpg,24,
5X-KOB,2026-09-06,UR208,EBB,NBO,green,2026-09-11 12:4x,Screenshot_20260911_124506_Flightradar24.jpg,23,
5X-KDP,2026-09-06,UR209,NBO,EBB,green,2026-09-11 12:4x,Screenshot_20260911_124545_Flightradar24.jpg,30,
5X-KOB,2026-09-06,UR320,EBB,DAR,green,2026-09-11 12:4x,Screenshot_20260911_124506_Flightradar24.jpg,27,
5X-KOB,2026-09-06,UR321,DAR,EBB,green,2026-09-11 12:4x,Screenshot_20260911_124506_Flightradar24.jpg,26,
5X-KOB,2026-09-06,UR323,DAR,EBB,green,2026-09-11 12:4x,Screenshot_20260911_124506_Flightradar24.jpg,30,
5X-EQU,2026-09-06,UR334,JRO,EBB,green,2026-09-11 12:4x,Screenshot_20260911_124626_Flightradar24.jpg,29,
5X-EQU,2026-09-06,UR334,ZNZ,JRO,green,2026-09-11 12:4x,Screenshot_20260911_124626_Flightradar24.jpg,30,
5X-EQU,2026-09-06,UR334,EBB,ZNZ,green,2026-09-11 12:4x,Screenshot_20260911_124626_Flightradar24.jpg,31,
5X-KDP,2026-09-06,UR342,EBB,MBA,green,2026-09-11 12:4x,Screenshot_20260911_124545_Flightradar24.jpg,25,
5X-KDP,2026-09-06,UR343,MBA,EBB,green,2026-09-11 12:4x,Screenshot_20260911_124545_Flightradar24.jpg,24,
5X-EQU,2026-09-06,UR360,EBB,BJM,green,2026-09-11 12:4x,Screenshot_20260911_124626_Flightradar24.jpg,28,
5X-EQU,2026-09-06,UR361,BJM,EBB,green,2026-09-11 12:4x,Screenshot_20260911_124626_Flightradar24.jpg,27,
5X-NIL,2026-09-06,UR431,BOM,EBB,green,2026-09-30 20:4x-20:5x,Screenshot_20260930_205121_Flightradar24.jpg,39,
5X-KOB,2026-09-06,UR520,EBB,MGQ,green,2026-09-11 12:4x,Screenshot_20260911_124506_Flightradar24.jpg,29,
5X-KOB,2026-09-06,UR521,MGQ,EBB,green,2026-09-11 12:4x,Screenshot_20260911_124506_Flightradar24.jpg,28,
ET-APL,2026-09-06,UR712,EBB,JNB,green,2026-09-11 12:4x,Screenshot_20260911_124414_Flightradar24.jpg,20,
5X-EQU,2026-09-06,UR720,LUN,HRE,green,2026-09-30 20:4x-20:5x,Screenshot_20260930_204826_Flightradar24.jpg,100,
5X-EQU,2026-09-06,UR720,EBB,LUN,green,2026-09-11 12:4x,Screenshot_20260911_124626_Flightradar24.jpg,26,
ET-APL,2026-09-06,UR720,HRE,EBB,green,2026-09-11 12:4x,Screenshot_20260911_124414_Flightradar24.jpg,23,
ET-APL,2026-09-06,UR900,EBB,LOS,amber,2026-09-11 12:4x,Screenshot_20260911_124414_Flightradar24.jpg,22,
ET-APL,2026-09-06,UR901,LOS,EBB,red,2026-09-11 12:4x,Screenshot_20260911_124414_Flightradar24.jpg,21,
5X-KOB,2026-09-07,UR122,EBB,JUB,green,2026-09-11 12:4x,Screenshot_20260911_124506_Flightradar24.jpg,21,
5X-KOB,2026-09-07,UR123,JUB,EBB,green,2026-09-11 12:4x,Screenshot_20260911_124506_Flightradar24.jpg,20,
5X-KDP,2026-09-07,UR200,EBB,NBO,green,2026-09-11 12:4x,Screenshot_20260911_124545_Flightradar24.jpg,22,repeated in the same capture
5X-KDP,2026-09-07,UR201,NBO,EBB,green,2026-09-11 12:4x,Screenshot_20260911_124545_Flightradar24.jpg,21,
5X-KOB,2026-09-07,UR206,EBB,NBO,green,2026-09-11 12:4x,Screenshot_20260911_124506_Flightradar24.jpg,17,
5X-KOB,2026-09-07,UR207,NBO,EBB,green,2026-09-11 12:4x,Screenshot_20260911_124506_Flightradar24.jpg,16,
5X-KOB,2026-09-07,UR208,EBB,NBO,green,2026-09-11 12:4x,Screenshot_20260911_124506_Flightradar24.jpg,15,
5X-KOB,2026-09-07,UR209,NBO,EBB,green,2026-09-11 12:4x,Screenshot_20260911_124506_Flightradar24.jpg,22,
5X-KOB,2026-09-07,UR320,EBB,DAR,green,2026-09-11 12:4x,Screenshot_20260911_124506_Flightradar24.jpg,19,
5X-KOB,2026-09-07,UR321,DAR,EBB,green,2026-09-11 12:4x,Screenshot_20260911_124506_Flightradar24.jpg,18,
5X-KDP,2026-09-07,UR322,EBB,DAR,green,2026-09-11 12:4x,Screenshot_20260911_124545_Flightradar24.jpg,18,
5X-KDP,2026-09-07,UR323,DAR,EBB,green,2026-09-11 12:4x,Screenshot_20260911_124545_Flightradar24.jpg,17,
5X-KDP,2026-09-07,UR360,EBB,BJM,green,2026-09-11 12:4x,Screenshot_20260911_124545_Flightradar24.jpg,20,
5X-KDP,2026-09-07,UR361,BJM,EBB,green,2026-09-11 12:4x,Screenshot_20260911_124545_Flightradar24.jpg,19,
5X-EQU,2026-09-07,UR710,EBB,JNB,green,2026-09-30 20:4x-20:5x,Screenshot_20260930_204826_Flightradar24.jpg,98,
5X-EQU,2026-09-07,UR711,JNB,EBB,green,2026-09-30 20:4x-20:5x,Screenshot_20260930_204826_Flightradar24.jpg,97,
ET-APL,2026-09-07,UR712,EBB,JNB,green,2026-09-11 12:4x,Screenshot_20260911_124414_Flightradar24.jpg,16,
ET-APL,2026-09-07,UR713,JNB,EBB,green,2026-09-11 12:4x,Screenshot_20260911_124414_Flightradar24.jpg,19,
5X-EQU,2026-09-07,UR720,LUN,HRE,green,2026-09-30 20:4x-20:5x,Screenshot_20260930_204826_Flightradar24.jpg,95,
5X-EQU,2026-09-07,UR720,EBB,LUN,green,2026-09-30 20:4x-20:5x,Screenshot_20260930_204826_Flightradar24.jpg,96,
5X-EQU,2026-09-07,UR720,HRE,EBB,green,2026-09-30 20:4x-20:5x,Screenshot_20260930_204826_Flightradar24.jpg,99,
ET-APL,2026-09-07,UR900,EBB,LOS,green,2026-09-11 12:4x,Screenshot_20260911_124414_Flightradar24.jpg,18,
ET-APL,2026-09-07,UR901,LOS,EBB,green,2026-09-11 12:4x,Screenshot_20260911_124414_Flightradar24.jpg,17,
5X-NIL,2026-09-08,UR110,EBB,LGW,green,2026-09-30 20:4x-20:5x,Screenshot_20260930_205121_Flightradar24.jpg,36,
5X-NIL,2026-09-08,UR111,LGW,EBB,red,2026-09-30 20:4x-20:5x,Screenshot_20260930_205121_Flightradar24.jpg,35,
5X-KOB,2026-09-08,UR120,EBB,JUB,green,2026-09-11 12:4x,Screenshot_20260911_124506_Flightradar24.jpg,11,
5X-KOB,2026-09-08,UR121,JUB,EBB,green,2026-09-11 12:4x,Screenshot_20260911_124506_Flightradar24.jpg,10,
5X-KDP,2026-09-08,UR200,EBB,NBO,green,2026-09-11 12:4x,Screenshot_20260911_124545_Flightradar24.jpg,16,
5X-KDP,2026-09-08,UR201,NBO,EBB,green,2026-09-11 12:4x,Screenshot_20260911_124545_Flightradar24.jpg,15,
5X-EQU,2026-09-08,UR206,EBB,NBO,green,2026-09-30 20:4x-20:5x,Screenshot_20260930_204826_Flightradar24.jpg,91,the same capture also carried a grey row
5X-EQU,2026-09-08,UR207,NBO,EBB,green,2026-09-30 20:4x-20:5x,Screenshot_20260930_204826_Flightradar24.jpg,89,
5X-KOB,2026-09-08,UR209,NBO,EBB,green,2026-09-11 12:4x,Screenshot_20260911_124506_Flightradar24.jpg,14,
5X-EQU,2026-09-08,UR320,EBB,DAR,green,2026-09-30 20:4x-20:5x,Screenshot_20260930_204826_Flightradar24.jpg,93,
5X-EQU,2026-09-08,UR321,DAR,EBB,green,2026-09-30 20:4x-20:5x,Screenshot_20260930_204826_Flightradar24.jpg,92,
5X-KDP,2026-09-08,UR360,EBB,BJM,green,2026-09-11 12:4x,Screenshot_20260911_124545_Flightradar24.jpg,14,
5X-KDP,2026-09-08,UR361,BJM,EBB,green,2026-09-11 12:4x,Screenshot_20260911_124545_Flightradar24.jpg,13,
5X-KOB,2026-09-08,UR520,EBB,MGQ,green,2026-09-11 12:4x,Screenshot_20260911_124506_Flightradar24.jpg,13,
5X-KOB,2026-09-08,UR521,MGQ,EBB,green,2026-09-11 12:4x,Screenshot_20260911_124506_Flightradar24.jpg,12,
ET-APL,2026-09-08,UR712,EBB,JNB,green,2026-09-11 12:4x,Screenshot_20260911_124414_Flightradar24.jpg,11,
ET-APL,2026-09-08,UR713,JNB,EBB,green,2026-09-11 12:4x,Screenshot_20260911_124414_Flightradar24.jpg,15,
5X-EQU,2026-09-08,UR720,HRE,EBB,green,2026-09-30 20:4x-20:5x,Screenshot_20260930_204826_Flightradar24.jpg,94,
ET-APL,2026-09-08,UR722,LUN,EBB,green,2026-09-11 12:4x,Screenshot_20260911_124414_Flightradar24.jpg,12,
ET-APL,2026-09-08,UR722,HRE,LUN,amber,2026-09-11 12:4x,Screenshot_20260911_124414_Flightradar24.jpg,13,
ET-APL,2026-09-08,UR722,EBB,HRE,green,2026-09-11 12:4x,Screenshot_20260911_124414_Flightradar24.jpg,14,
5X-EQU,2026-09-09,UR122,EBB,JUB,green,2026-09-30 20:4x-20:5x,Screenshot_20260930_204826_Flightradar24.jpg,88,
5X-EQU,2026-09-09,UR123,JUB,EBB,green,2026-09-30 20:4x-20:5x,Screenshot_20260930_204826_Flightradar24.jpg,87,
5X-KDP,2026-09-09,UR200,EBB,NBO,green,2026-09-11 12:4x,Screenshot_20260911_124545_Flightradar24.jpg,12,
5X-KDP,2026-09-09,UR201,NBO,EBB,green,2026-09-11 12:4x,Screenshot_20260911_124545_Flightradar24.jpg,11,
5X-KDP,2026-09-09,UR208,EBB,NBO,green,2026-09-11 12:4x,Screenshot_20260911_124545_Flightradar24.jpg,8,
5X-KOB,2026-09-09,UR322,EBB,DAR,green,2026-09-11 12:4x,Screenshot_20260911_124506_Flightradar24.jpg,6,
5X-EQU,2026-09-09,UR334,JRO,EBB,green,2026-09-30 20:4x-20:5x,Screenshot_20260930_204826_Flightradar24.jpg,84,
5X-EQU,2026-09-09,UR334,ZNZ,JRO,green,2026-09-30 20:4x-20:5x,Screenshot_20260930_204826_Flightradar24.jpg,85,
5X-EQU,2026-09-09,UR334,EBB,ZNZ,green,2026-09-30 20:4x-20:5x,Screenshot_20260930_204826_Flightradar24.jpg,86,
5X-EQU,2026-09-09,UR342,EBB,MBA,green,2026-09-30 20:4x-20:5x,Screenshot_20260930_204826_Flightradar24.jpg,83,
5X-EQU,2026-09-09,UR343,MBA,EBB,green,2026-09-30 20:4x-20:5x,Screenshot_20260930_204826_Flightradar24.jpg,82,
5X-KDP,2026-09-09,UR360,EBB,BJM,green,2026-09-11 12:4x,Screenshot_20260911_124545_Flightradar24.jpg,10,
5X-KDP,2026-09-09,UR361,BJM,EBB,green,2026-09-11 12:4x,Screenshot_20260911_124545_Flightradar24.jpg,9,
5X-NIL,2026-09-09,UR430,EBB,BOM,green,2026-09-30 20:4x-20:5x,Screenshot_20260930_205121_Flightradar24.jpg,34,the same capture also carried a grey row
ET-APL,2026-09-09,UR710,EBB,JNB,green,2026-09-11 12:4x,Screenshot_20260911_124414_Flightradar24.jpg,9,
ET-APL,2026-09-09,UR711,JNB,EBB,green,2026-09-11 12:4x,Screenshot_20260911_124414_Flightradar24.jpg,8,
ET-APL,2026-09-09,UR713,JNB,EBB,green,2026-09-11 12:4x,Screenshot_20260911_124414_Flightradar24.jpg,10,
5X-KOB,2026-09-09,UR722,LUN,EBB,green,2026-09-11 12:4x,Screenshot_20260911_124506_Flightradar24.jpg,7,
5X-KOB,2026-09-09,UR722,HRE,LUN,green,2026-09-11 12:4x,Screenshot_20260911_124506_Flightradar24.jpg,8,
5X-KOB,2026-09-09,UR722,EBB,HRE,green,2026-09-11 12:4x,Screenshot_20260911_124506_Flightradar24.jpg,9,
5X-KOB,2026-09-10,UR120,EBB,JUB,green,2026-09-11 12:4x,Screenshot_20260911_124506_Flightradar24.jpg,4,
5X-KOB,2026-09-10,UR121,JUB,EBB,green,2026-09-12 09:4x,Screenshot_20260912_093906_Flightradar24.jpg,10,
5X-EQU,2026-09-10,UR200,EBB,NBO,green,2026-09-30 20:4x-20:5x,Screenshot_20260930_204826_Flightradar24.jpg,81,
5X-EQU,2026-09-10,UR201,NBO,EBB,green,2026-09-30 20:4x-20:5x,Screenshot_20260930_204826_Flightradar24.jpg,80,
5X-KDP,2026-09-10,UR208,EBB,NBO,green,2026-09-12 09:4x,Screenshot_20260912_094040_Flightradar24.jpg,8,
5X-KDP,2026-09-10,UR209,NBO,EBB,green,2026-09-11 12:4x,Screenshot_20260911_124545_Flightradar24.jpg,7,
5X-EQU,2026-09-10,UR322,EBB,DAR,green,2026-09-30 20:4x-20:5x,Screenshot_20260930_204826_Flightradar24.jpg,79,
5X-KOB,2026-09-10,UR323,DAR,EBB,green,2026-09-11 12:4x,Screenshot_20260911_124506_Flightradar24.jpg,5,
5X-KDP,2026-09-10,UR360,EBB,BJM,green,2026-09-12 09:4x,Screenshot_20260912_094040_Flightradar24.jpg,10,
5X-KDP,2026-09-10,UR361,BJM,EBB,green,2026-09-12 09:4x,Screenshot_20260912_094040_Flightradar24.jpg,9,
5X-NIL,2026-09-10,UR431,BOM,EBB,green,2026-09-30 20:4x-20:5x,Screenshot_20260930_205121_Flightradar24.jpg,32,
ET-APL,2026-09-10,UR722,LUN,EBB,green,2026-09-30 20:4x-20:5x,Screenshot_20260930_205018_Flightradar24.jpg,93,
ET-APL,2026-09-10,UR722,HRE,LUN,amber,2026-09-30 20:4x-20:5x,Screenshot_20260930_205018_Flightradar24.jpg,94,
ET-APL,2026-09-10,UR722,EBB,HRE,green,2026-09-30 20:4x-20:5x,Screenshot_20260930_205018_Flightradar24.jpg,95,
ET-APL,2026-09-10,UR902,EBB,LOS,amber,2026-09-30 20:4x-20:5x,Screenshot_20260930_205018_Flightradar24.jpg,92,
ET-APL,2026-09-11,UR11,JNB,EBB,green,2026-09-11 12:4x,Screenshot_20260911_124414_Flightradar24.jpg,1,
5X-NIL,2026-09-11,UR110,EBB,LGW,amber,2026-09-30 20:4x-20:5x,Screenshot_20260930_205121_Flightradar24.jpg,31,
5X-NIL,2026-09-11,UR111,LGW,EBB,amber,2026-09-30 20:4x-20:5x,Screenshot_20260930_205121_Flightradar24.jpg,30,
5X-EQU,2026-09-11,UR120,EBB,JUB,green,2026-09-30 20:4x-20:5x,Screenshot_20260930_204826_Flightradar24.jpg,75,
5X-EQU,2026-09-11,UR121,JUB,EBB,green,2026-09-30 20:4x-20:5x,Screenshot_20260930_204826_Flightradar24.jpg,74,
5X-KDP,2026-09-11,UR200,EBB,NBO,green,2026-09-22 07:5x-08:0x,Screenshot_20260922_080019_Flightradar24.jpg,50,destination read from the capture
5X-KDP,2026-09-11,UR201,NBO,EBB,green,2026-09-22 07:5x-08:0x,Screenshot_20260922_080019_Flightradar24.jpg,49,
5X-KDP,2026-09-11,UR206,EBB,NBO,green,2026-09-22 07:5x-08:0x,Screenshot_20260922_080019_Flightradar24.jpg,48,
5X-KDP,2026-09-11,UR207,NBO,EBB,green,2026-09-22 07:5x-08:0x,Screenshot_20260922_080019_Flightradar24.jpg,47,
5X-KDP,2026-09-11,UR209,NBO,EBB,green,2026-09-12 09:4x,Screenshot_20260912_094040_Flightradar24.jpg,7,
5X-KDP,2026-09-11,UR322,EBB,DAR,green,2026-09-22 07:5x-08:0x,Screenshot_20260922_080019_Flightradar24.jpg,46,
5X-EQU,2026-09-11,UR323,DAR,EBB,green,2026-09-30 20:4x-20:5x,Screenshot_20260930_204826_Flightradar24.jpg,78,
5X-KOB,2026-09-11,UR334,ZNZ,JRO,green,2026-09-12 09:4x,Screenshot_20260912_093906_Flightradar24.jpg,8,
5X-KOB,2026-09-11,UR334,EBB,ZNZ,green,2026-09-12 09:4x,Screenshot_20260912_093906_Flightradar24.jpg,9,
5X-KOB,2026-09-11,UR334,JRO,EBB,green,2026-09-12 09:4x,Screenshot_20260912_093906_Flightradar24.jpg,7,
5X-EQU,2026-09-11,UR342,EBB,MBA,green,2026-09-30 20:4x-20:5x,Screenshot_20260930_204826_Flightradar24.jpg,73,
5X-EQU,2026-09-11,UR343,MBA,EBB,green,2026-09-30 20:4x-20:5x,Screenshot_20260930_204826_Flightradar24.jpg,72,
5X-KOB,2026-09-11,UR360,EBB,BJM,green,2026-09-12 09:4x,Screenshot_20260912_093906_Flightradar24.jpg,6,
5X-KOB,2026-09-11,UR361,BJM,EBB,green,2026-09-12 09:4x,Screenshot_20260912_093906_Flightradar24.jpg,5,
5X-EQU,2026-09-11,UR520,EBB,MGQ,green,2026-09-30 20:4x-20:5x,Screenshot_20260930_204826_Flightradar24.jpg,77,
5X-EQU,2026-09-11,UR521,MGQ,EBB,green,2026-09-30 20:4x-20:5x,Screenshot_20260930_204826_Flightradar24.jpg,76,
ET-APL,2026-09-11,UR710,EBB,JNB,green,2026-09-30 20:4x-20:5x,Screenshot_20260930_205018_Flightradar24.jpg,90,
ET-APL,2026-09-11,UR711,JNB,EBB,green,2026-09-30 20:4x-20:5x,Screenshot_20260930_205018_Flightradar24.jpg,89,
5X-KOB,2026-09-11,UR720,LUN,HRE,green,2026-09-22 07:5x-08:0x,Screenshot_20260922_080059_Flightradar24.jpg,71,
5X-KOB,2026-09-11,UR720,EBB,LUN,green,2026-09-22 07:5x-08:0x,Screenshot_20260922_080059_Flightradar24.jpg,72,
ET-APL,2026-09-11,UR902,EBB,LOS,green,2026-09-30 20:4x-20:5x,Screenshot_20260930_205018_Flightradar24.jpg,88,
ET-APL,2026-09-11,UR903,LOS,EBB,green,2026-09-30 20:4x-20:5x,Screenshot_20260930_205018_Flightradar24.jpg,91,
5X-KOB,2026-09-12,UR120,EBB,JUB,green,2026-09-22 07:5x-08:0x,Screenshot_20260922_080059_Flightradar24.jpg,67,
5X-KOB,2026-09-12,UR121,JUB,EBB,green,2026-09-22 07:5x-08:0x,Screenshot_20260922_080059_Flightradar24.jpg,66,
5X-KOB,2026-09-12,UR200,EBB,NBO,green,2026-09-22 07:5x-08:0x,Screenshot_20260922_080059_Flightradar24.jpg,69,callsign read from the capture
5X-KOB,2026-09-12,UR201,NBO,EBB,green,2026-09-22 07:5x-08:0x,Screenshot_20260922_080059_Flightradar24.jpg,68,
5X-EQU,2026-09-12,UR208,EBB,NBO,green,2026-09-30 20:4x-20:5x,Screenshot_20260930_204826_Flightradar24.jpg,66,
5X-KOB,2026-09-12,UR322,EBB,DAR,green,2026-09-22 07:5x-08:0x,Screenshot_20260922_080059_Flightradar24.jpg,65,
5X-KDP,2026-09-12,UR323,DAR,EBB,green,2026-09-22 07:5x-08:0x,Screenshot_20260922_080019_Flightradar24.jpg,45,
5X-NIL,2026-09-12,UR430,EBB,BOM,green,2026-09-30 20:4x-20:5x,Screenshot_20260930_205121_Flightradar24.jpg,28,repeated in the same capture
5X-EQU,2026-09-12,UR520,EBB,MGQ,green,2026-09-30 20:4x-20:5x,Screenshot_20260930_204826_Flightradar24.jpg,71,
5X-EQU,2026-09-12,UR521,MGQ,EBB,green,2026-09-30 20:4x-20:5x,Screenshot_20260930_204826_Flightradar24.jpg,70,
ET-APL,2026-09-12,UR710,EBB,JNB,green,2026-09-30 20:4x-20:5x,Screenshot_20260930_205018_Flightradar24.jpg,86,
ET-APL,2026-09-12,UR711,JNB,EBB,green,2026-09-30 20:4x-20:5x,Screenshot_20260930_205018_Flightradar24.jpg,85,
5X-KOB,2026-09-12,UR720,HRE,EBB,green,2026-09-22 07:5x-08:0x,Screenshot_20260922_080059_Flightradar24.jpg,70,
ET-APL,2026-09-12,UR720,LUN,HRE,amber,2026-09-22 07:5x-08:0x,Screenshot_20260922_075929_Flightradar24.jpg,42,
ET-APL,2026-09-12,UR720,EBB,LUN,green,2026-09-30 20:4x-20:5x,Screenshot_20260930_205018_Flightradar24.jpg,84,
5X-EQU,2026-09-12,UR722,LUN,EBB,green,2026-09-30 20:4x-20:5x,Screenshot_20260930_204826_Flightradar24.jpg,67,
5X-EQU,2026-09-12,UR722,HRE,LUN,green,2026-09-30 20:4x-20:5x,Screenshot_20260930_204826_Flightradar24.jpg,68,
5X-EQU,2026-09-12,UR722,EBB,HRE,green,2026-09-30 20:4x-20:5x,Screenshot_20260930_204826_Flightradar24.jpg,69,
ET-APL,2026-09-12,UR903,LOS,EBB,green,2026-09-30 20:4x-20:5x,Screenshot_20260930_205018_Flightradar24.jpg,87,
5X-NIL,2026-09-13,UR110,EBB,LGW,green,2026-09-30 20:4x-20:5x,Screenshot_20260930_205121_Flightradar24.jpg,26,
5X-NIL,2026-09-13,UR111,LGW,EBB,green,2026-09-30 20:4x-20:5x,Screenshot_20260930_205121_Flightradar24.jpg,25,
5X-KDP,2026-09-13,UR120,EBB,JUB,green,2026-09-30 20:4x-20:5x,Screenshot_20260930_204740_Flightradar24.jpg,98,
5X-KDP,2026-09-13,UR121,JUB,EBB,green,2026-09-30 20:4x-20:5x,Screenshot_20260930_204740_Flightradar24.jpg,97,
5X-KDP,2026-09-13,UR200,EBB,NBO,green,2026-09-30 20:4x-20:5x,Screenshot_20260930_204740_Flightradar24.jpg,100,
5X-KDP,2026-09-13,UR201,NBO,EBB,green,2026-09-30 20:4x-20:5x,Screenshot_20260930_204740_Flightradar24.jpg,99,
5X-KOB,2026-09-13,UR206,EBB,NBO,green,2026-09-22 07:5x-08:0x,Screenshot_20260922_080059_Flightradar24.jpg,59,
5X-KOB,2026-09-13,UR207,NBO,EBB,green,2026-09-22 07:5x-08:0x,Screenshot_20260922_080059_Flightradar24.jpg,58,
5X-KOB,2026-09-13,UR208,EBB,NBO,green,2026-09-22 07:5x-08:0x,Screenshot_20260922_080059_Flightradar24.jpg,57,
5X-EQU,2026-09-13,UR209,NBO,EBB,green,2026-09-30 20:4x-20:5x,Screenshot_20260930_204826_Flightradar24.jpg,65,
5X-KOB,2026-09-13,UR320,EBB,DAR,green,2026-09-22 07:5x-08:0x,Screenshot_20260922_080059_Flightradar24.jpg,61,
5X-KOB,2026-09-13,UR321,DAR,EBB,green,2026-09-22 07:5x-08:0x,Screenshot_20260922_080059_Flightradar24.jpg,60,
5X-KOB,2026-09-13,UR323,DAR,EBB,green,2026-09-22 07:5x-08:0x,Screenshot_20260922_080059_Flightradar24.jpg,64,
5X-EQU,2026-09-13,UR334,JRO,EBB,green,2026-09-30 20:4x-20:5x,Screenshot_20260930_204826_Flightradar24.jpg,62,
5X-EQU,2026-09-13,UR334,ZNZ,JRO,green,2026-09-30 20:4x-20:5x,Screenshot_20260930_204826_Flightradar24.jpg,63,
5X-EQU,2026-09-13,UR334,EBB,ZNZ,green,2026-09-30 20:4x-20:5x,Screenshot_20260930_204826_Flightradar24.jpg,64,
5X-KDP,2026-09-13,UR342,EBB,MBA,green,2026-09-30 20:4x-20:5x,Screenshot_20260930_204740_Flightradar24.jpg,96,
5X-KDP,2026-09-13,UR343,MBA,EBB,green,2026-09-30 20:4x-20:5x,Screenshot_20260930_204740_Flightradar24.jpg,95,
5X-EQU,2026-09-13,UR360,EBB,BJM,green,2026-09-30 20:4x-20:5x,Screenshot_20260930_204826_Flightradar24.jpg,61,
5X-EQU,2026-09-13,UR361,BJM,EBB,green,2026-09-30 20:4x-20:5x,Screenshot_20260930_204826_Flightradar24.jpg,60,
5X-NIL,2026-09-13,UR431,BOM,EBB,green,2026-09-30 20:4x-20:5x,Screenshot_20260930_205121_Flightradar24.jpg,27,
5X-KOB,2026-09-13,UR520,EBB,MGQ,green,2026-09-22 07:5x-08:0x,Screenshot_20260922_080059_Flightradar24.jpg,63,
5X-KOB,2026-09-13,UR521,MGQ,EBB,green,2026-09-22 07:5x-08:0x,Screenshot_20260922_080059_Flightradar24.jpg,62,
ET-APL,2026-09-13,UR712,EBB,JNB,green,2026-09-30 20:4x-20:5x,Screenshot_20260930_205018_Flightradar24.jpg,79,
5X-EQU,2026-09-13,UR720,LUN,HRE,green,2026-09-30 20:4x-20:5x,Screenshot_20260930_204826_Flightradar24.jpg,58,
5X-EQU,2026-09-13,UR720,EBB,LUN,green,2026-09-30 20:4x-20:5x,Screenshot_20260930_204826_Flightradar24.jpg,59,
ET-APL,2026-09-13,UR720,HRE,EBB,green,2026-09-30 20:4x-20:5x,Screenshot_20260930_205018_Flightradar24.jpg,82,
ET-APL,2026-09-13,UR900,EBB,LOS,green,2026-09-30 20:4x-20:5x,Screenshot_20260930_205018_Flightradar24.jpg,81,
ET-APL,2026-09-13,UR901,LOS,EBB,green,2026-09-30 20:4x-20:5x,Screenshot_20260930_205018_Flightradar24.jpg,80,
5X-KOB,2026-09-14,UR122,EBB,JUB,green,2026-09-22 07:5x-08:0x,Screenshot_20260922_080059_Flightradar24.jpg,55,
5X-KOB,2026-09-14,UR123,JUB,EBB,green,2026-09-22 07:5x-08:0x,Screenshot_20260922_080059_Flightradar24.jpg,54,
5X-EQU,2026-09-14,UR200,EBB,NBO,green,2026-09-30 20:4x-20:5x,Screenshot_20260930_204826_Flightradar24.jpg,56,
5X-EQU,2026-09-14,UR200,,,green,2026-09-30 20:4x-20:5x,Screenshot_20260930_204706_Flightradar24.jpg,56,
5X-EQU,2026-09-14,UR201,NBO,EBB,green,2026-09-30 20:4x-20:5x,Screenshot_20260930_204706_Flightradar24.jpg,55,repeated in the same capture
5X-KOB,2026-09-14,UR206,EBB,NBO,green,2026-09-22 07:5x-08:0x,Screenshot_20260922_080059_Flightradar24.jpg,51,
5X-KOB,2026-09-14,UR207,NBO,EBB,green,2026-09-22 07:5x-08:0x,Screenshot_20260922_080059_Flightradar24.jpg,50,
5X-KOB,2026-09-14,UR208,EBB,NBO,green,2026-09-22 07:5x-08:0x,Screenshot_20260922_080059_Flightradar24.jpg,49,
5X-KOB,2026-09-14,UR209,NBO,EBB,green,2026-09-22 07:5x-08:0x,Screenshot_20260922_080059_Flightradar24.jpg,56,
5X-KOB,2026-09-14,UR320,EBB,DAR,green,2026-09-22 07:5x-08:0x,Screenshot_20260922_080059_Flightradar24.jpg,53,
5X-KOB,2026-09-14,UR321,DAR,EBB,green,2026-09-22 07:5x-08:0x,Screenshot_20260922_080059_Flightradar24.jpg,52,
5X-EQU,2026-09-14,UR360,EBB,BJM,green,2026-09-30 20:4x-20:5x,Screenshot_20260930_204706_Flightradar24.jpg,54,repeated in the same capture
5X-EQU,2026-09-14,UR361,BJM,EBB,green,2026-09-30 20:4x-20:5x,Screenshot_20260930_204706_Flightradar24.jpg,53,repeated in the same capture
ET-APL,2026-09-14,UR712,EBB,JNB,green,2026-09-30 20:4x-20:5x,Screenshot_20260930_205018_Flightradar24.jpg,75,
ET-APL,2026-09-14,UR713,JNB,EBB,green,2026-09-30 20:4x-20:5x,Screenshot_20260930_205018_Flightradar24.jpg,78,
5X-EQU,2026-09-14,UR720,HRE,EBB,green,2026-09-30 20:4x-20:5x,Screenshot_20260930_204826_Flightradar24.jpg,57,
ET-APL,2026-09-14,UR900,EBB,LOS,green,2026-09-30 20:4x-20:5x,Screenshot_20260930_205018_Flightradar24.jpg,77,
ET-APL,2026-09-14,UR901,LOS,EBB,green,2026-09-30 20:4x-20:5x,Screenshot_20260930_205018_Flightradar24.jpg,76,
5X-KDP,2026-09-15,,EBB,EBB,grey,2026-09-30 20:4x-20:5x,Screenshot_20260930_204740_Flightradar24.jpg,94,
5X-NIL,2026-09-15,UR110,EBB,LGW,green,2026-09-30 20:4x-20:5x,Screenshot_20260930_205121_Flightradar24.jpg,24,
5X-NIL,2026-09-15,UR111,LGW,EBB,green,2026-09-30 20:4x-20:5x,Screenshot_20260930_205121_Flightradar24.jpg,23,
5X-KOB,2026-09-15,UR120,EBB,JUB,green,2026-09-22 07:5x-08:0x,Screenshot_20260922_080059_Flightradar24.jpg,45,
5X-KOB,2026-09-15,UR121,JUB,EBB,green,2026-09-30 20:4x-20:5x,Screenshot_20260930_204933_Flightradar24.jpg,100,
5X-KOB,2026-09-15,UR200,EBB,NBO,green,2026-09-22 07:5x-08:0x,Screenshot_20260922_080059_Flightradar24.jpg,47,
5X-KOB,2026-09-15,UR201,NBO,EBB,green,2026-09-22 07:5x-08:0x,Screenshot_20260922_080059_Flightradar24.jpg,46,
5X-EQU,2026-09-15,UR206,EBB,NBO,green,2026-09-30 20:4x-20:5x,Screenshot_20260930_204706_Flightradar24.jpg,48,repeated in the same capture
5X-EQU,2026-09-15,UR207,NBO,EBB,green,2026-09-30 20:4x-20:5x,Screenshot_20260930_204706_Flightradar24.jpg,47,repeated in the same capture
5X-KOB,2026-09-15,UR209,NBO,EBB,green,2026-09-22 07:5x-08:0x,Screenshot_20260922_080059_Flightradar24.jpg,48,
5X-EQU,2026-09-15,UR320,EBB,DAR,green,2026-09-30 20:4x-20:5x,Screenshot_20260930_204706_Flightradar24.jpg,50,repeated in the same capture
5X-EQU,2026-09-15,UR321,DAR,EBB,amber,2026-09-30 20:4x-20:5x,Screenshot_20260930_204706_Flightradar24.jpg,49,repeated in the same capture
5X-KDP,2026-09-15,UR360,EBB,BJM,green,2026-09-30 20:4x-20:5x,Screenshot_20260930_204740_Flightradar24.jpg,93,
5X-KDP,2026-09-15,UR361,BJM,EBB,green,2026-09-30 20:4x-20:5x,Screenshot_20260930_204740_Flightradar24.jpg,92,
5X-EQU,2026-09-15,UR520,EBB,MGQ,green,2026-09-30 20:4x-20:5x,Screenshot_20260930_204706_Flightradar24.jpg,52,repeated in the same capture
5X-EQU,2026-09-15,UR521,MGQ,EBB,green,2026-09-30 20:4x-20:5x,Screenshot_20260930_204706_Flightradar24.jpg,51,repeated in the same capture
ET-APL,2026-09-15,UR712,EBB,JNB,green,2026-09-30 20:4x-20:5x,Screenshot_20260930_205018_Flightradar24.jpg,70,
ET-APL,2026-09-15,UR713,JNB,EBB,green,2026-09-30 20:4x-20:5x,Screenshot_20260930_205018_Flightradar24.jpg,74,
ET-APL,2026-09-15,UR722,LUN,EBB,green,2026-09-30 20:4x-20:5x,Screenshot_20260930_205018_Flightradar24.jpg,71,
ET-APL,2026-09-15,UR722,HRE,LUN,green,2026-09-30 20:4x-20:5x,Screenshot_20260930_205018_Flightradar24.jpg,72,
ET-APL,2026-09-15,UR722,EBB,HRE,green,2026-09-30 20:4x-20:5x,Screenshot_20260930_205018_Flightradar24.jpg,73,
5X-KOB,2026-09-16,UR122,EBB,JUB,green,2026-09-30 20:4x-20:5x,Screenshot_20260930_204933_Flightradar24.jpg,99,
5X-KOB,2026-09-16,UR123,JUB,EBB,green,2026-09-30 20:4x-20:5x,Screenshot_20260930_204933_Flightradar24.jpg,98,
5X-EQU,2026-09-16,UR200,EBB,NBO,green,2026-09-30 20:4x-20:5x,Screenshot_20260930_204706_Flightradar24.jpg,46,repeated in the same capture
5X-EQU,2026-09-16,UR201,NBO,EBB,green,2026-09-30 20:4x-20:5x,Screenshot_20260930_204706_Flightradar24.jpg,45,repeated in the same capture
ET-APL,2026-09-16,UR208,EBB,NBO,amber,2026-09-30 20:4x-20:5x,Screenshot_20260930_205018_Flightradar24.jpg,65,
5X-EQU,2026-09-16,UR322,EBB,DAR,red,2026-09-30 20:4x-20:5x,Screenshot_20260930_204706_Flightradar24.jpg,44,repeated in the same capture
5X-KOB,2026-09-16,UR334,JRO,EBB,green,2026-09-30 20:4x-20:5x,Screenshot_20260930_204933_Flightradar24.jpg,94,
5X-KOB,2026-09-16,UR334,ZNZ,JRO,green,2026-09-30 20:4x-20:5x,Screenshot_20260930_204933_Flightradar24.jpg,96,
5X-KOB,2026-09-16,UR334,EBB,ZNZ,green,2026-09-30 20:4x-20:5x,Screenshot_20260930_204933_Flightradar24.jpg,97,
5X-KOB,2026-09-16,UR342,EBB,MBA,red,2026-09-30 20:4x-20:5x,Screenshot_20260930_204933_Flightradar24.jpg,92,
5X-KOB,2026-09-16,UR343,MBA,EBB,red,2026-09-30 20:4x-20:5x,Screenshot_20260930_204933_Flightradar24.jpg,91,
5X-KOB,2026-09-16,UR360,EBB,BJM,red,2026-09-30 20:4x-20:5x,Screenshot_20260930_204933_Flightradar24.jpg,95,
5X-KOB,2026-09-16,UR361,BJM,EBB,red,2026-09-30 20:4x-20:5x,Screenshot_20260930_204933_Flightradar24.jpg,93,
5X-NIL,2026-09-16,UR430,EBB,BOM,green,2026-09-30 20:4x-20:5x,Screenshot_20260930_205121_Flightradar24.jpg,22,
5X-KDP,2026-09-16,UR710,EBB,JNB,green,2026-09-30 20:4x-20:5x,Screenshot_20260930_204740_Flightradar24.jpg,91,
5X-KDP,2026-09-16,UR711,JNB,EBB,red,2026-09-30 20:4x-20:5x,Screenshot_20260930_204740_Flightradar24.jpg,90,
ET-APL,2026-09-16,UR713,JNB,EBB,green,2026-09-30 20:4x-20:5x,Screenshot_20260930_205018_Flightradar24.jpg,69,
ET-APL,2026-09-16,UR722,LUN,EBB,green,2026-09-30 20:4x-20:5x,Screenshot_20260930_205018_Flightradar24.jpg,66,
ET-APL,2026-09-16,UR722,HRE,LUN,green,2026-09-30 20:4x-20:5x,Screenshot_20260930_205018_Flightradar24.jpg,67,
ET-APL,2026-09-16,UR722,EBB,HRE,green,2026-09-30 20:4x-20:5x,Screenshot_20260930_205018_Flightradar24.jpg,68,
5X-NIL,2026-09-17,,EBB,N/A,grey,2026-09-30 20:4x-20:5x,Screenshot_20260930_205121_Flightradar24.jpg,20,
5X-KOB,2026-09-17,UR120,EBB,JUB,green,2026-09-30 20:4x-20:5x,Screenshot_20260930_204933_Flightradar24.jpg,88,
5X-KOB,2026-09-17,UR121,JUB,EBB,green,2026-09-30 20:4x-20:5x,Screenshot_20260930_204933_Flightradar24.jpg,87,
5X-KOB,2026-09-17,UR200,EBB,NBO,green,2026-09-30 20:4x-20:5x,Screenshot_20260930_204933_Flightradar24.jpg,90,
5X-KOB,2026-09-17,UR201,NBO,EBB,green,2026-09-30 20:4x-20:5x,Screenshot_20260930_204933_Flightradar24.jpg,89,
5X-EQU,2026-09-17,UR208,EBB,NBO,green,2026-09-30 20:4x-20:5x,Screenshot_20260930_204706_Flightradar24.jpg,40,repeated in the same capture
ET-APL,2026-09-17,UR209,NBO,EBB,amber,2026-09-30 20:4x-20:5x,Screenshot_20260930_205018_Flightradar24.jpg,64,
5X-KOB,2026-09-17,UR322,EBB,DAR,green,2026-09-30 20:4x-20:5x,Screenshot_20260930_204933_Flightradar24.jpg,86,
5X-EQU,2026-09-17,UR323,DAR,EBB,red,2026-09-30 20:4x-20:5x,Screenshot_20260930_204706_Flightradar24.jpg,43,repeated in the same capture
5X-EQU,2026-09-17,UR360,EBB,BJM,green,2026-09-30 20:4x-20:5x,Screenshot_20260930_204706_Flightradar24.jpg,42,repeated in the same capture
5X-EQU,2026-09-17,UR361,BJM,EBB,green,2026-09-30 20:4x-20:5x,Screenshot_20260930_204706_Flightradar24.jpg,41,repeated in the same capture
5X-NIL,2026-09-17,UR431,BOM,EBB,green,2026-09-30 20:4x-20:5x,Screenshot_20260930_205121_Flightradar24.jpg,21,
ET-APL,2026-09-17,UR720,LUN,HRE,amber,2026-09-30 20:4x-20:5x,Screenshot_20260930_205018_Flightradar24.jpg,83,
ET-APL,2026-09-17,UR722,LUN,EBB,green,2026-09-30 20:4x-20:5x,Screenshot_20260930_205018_Flightradar24.jpg,61,
ET-APL,2026-09-17,UR722,HRE,LUN,green,2026-09-30 20:4x-20:5x,Screenshot_20260930_205018_Flightradar24.jpg,62,
ET-APL,2026-09-17,UR722,EBB,HRE,green,2026-09-30 20:4x-20:5x,Screenshot_20260930_205018_Flightradar24.jpg,63,
ET-APL,2026-09-17,UR902,EBB,LOS,amber,2026-09-30 20:4x-20:5x,Screenshot_20260930_205018_Flightradar24.jpg,59,repeated in the same capture
5X-NIL,2026-09-18,UR110,EBB,LGW,green,2026-09-30 20:4x-20:5x,Screenshot_20260930_205121_Flightradar24.jpg,19,
5X-NIL,2026-09-18,UR111,LGW,EBB,green,2026-09-30 20:4x-20:5x,Screenshot_20260930_205121_Flightradar24.jpg,18,
5X-KOB,2026-09-18,UR120,EBB,JUB,green,2026-09-30 20:4x-20:5x,Screenshot_20260930_204933_Flightradar24.jpg,82,
5X-KOB,2026-09-18,UR121,JUB,EBB,green,2026-09-30 20:4x-20:5x,Screenshot_20260930_204933_Flightradar24.jpg,81,
5X-KOB,2026-09-18,UR200,EBB,NBO,green,2026-09-30 20:4x-20:5x,Screenshot_20260930_204933_Flightradar24.jpg,84,
5X-KOB,2026-09-18,UR201,NBO,EBB,green,2026-09-30 20:4x-20:5x,Screenshot_20260930_204933_Flightradar24.jpg,83,
5X-KOB,2026-09-18,UR206,EBB,NBO,amber,2026-09-30 20:4x-20:5x,Screenshot_20260930_204933_Flightradar24.jpg,80,
5X-KOB,2026-09-18,UR207,NBO,EBB,amber,2026-09-30 20:4x-20:5x,Screenshot_20260930_204933_Flightradar24.jpg,78,
5X-EQU,2026-09-18,UR209,NBO,EBB,amber,2026-09-30 20:4x-20:5x,Screenshot_20260930_204706_Flightradar24.jpg,39,repeated in the same capture
5X-KOB,2026-09-18,UR323,DAR,EBB,green,2026-09-30 20:4x-20:5x,Screenshot_20260930_204933_Flightradar24.jpg,85,
5X-KDP,2026-09-18,UR334,JRO,EBB,green,2026-09-30 20:4x-20:5x,Screenshot_20260930_204740_Flightradar24.jpg,86,
5X-KDP,2026-09-18,UR334,ZNZ,JRO,green,2026-09-30 20:4x-20:5x,Screenshot_20260930_204740_Flightradar24.jpg,87,
5X-KDP,2026-09-18,UR334,EBB,ZNZ,green,2026-09-30 20:4x-20:5x,Screenshot_20260930_204740_Flightradar24.jpg,88,
5X-KOB,2026-09-18,UR342,EBB,MBA,red,2026-09-30 20:4x-20:5x,Screenshot_20260930_204933_Flightradar24.jpg,79,
5X-KOB,2026-09-18,UR343,MBA,EBB,red,2026-09-30 20:4x-20:5x,Screenshot_20260930_204933_Flightradar24.jpg,77,
5X-KDP,2026-09-18,UR360,EBB,BJM,green,2026-09-30 20:4x-20:5x,Screenshot_20260930_204740_Flightradar24.jpg,85,
5X-KDP,2026-09-18,UR361,BJM,EBB,green,2026-09-30 20:4x-20:5x,Screenshot_20260930_204740_Flightradar24.jpg,84,
5X-EQU,2026-09-18,UR520,EBB,MGQ,red,2026-09-30 20:4x-20:5x,Screenshot_20260930_204706_Flightradar24.jpg,38,repeated in the same capture
ET-APL,2026-09-18,UR710,EBB,JNB,red,2026-09-30 20:4x-20:5x,Screenshot_20260930_205018_Flightradar24.jpg,57,
ET-APL,2026-09-18,UR711,JNB,EBB,red,2026-09-30 20:4x-20:5x,Screenshot_20260930_205018_Flightradar24.jpg,56,
5X-KDP,2026-09-18,UR713,JNB,EBB,green,2026-09-30 20:4x-20:5x,Screenshot_20260930_204740_Flightradar24.jpg,89,
5X-KDP,2026-09-18,UR720,LUN,HRE,green,2026-09-30 20:4x-20:5x,Screenshot_20260930_204740_Flightradar24.jpg,82,
5X-KDP,2026-09-18,UR720,EBB,LUN,green,2026-09-30 20:4x-20:5x,Screenshot_20260930_204740_Flightradar24.jpg,83,
ET-APL,2026-09-18,UR902,EBB,LOS,amber,2026-09-30 20:4x-20:5x,Screenshot_20260930_205018_Flightradar24.jpg,55,
ET-APL,2026-09-18,UR903,LOS,EBB,amber,2026-09-30 20:4x-20:5x,Screenshot_20260930_205018_Flightradar24.jpg,58,
5X-KDP,2026-09-19,UR120,EBB,JUB,green,2026-09-30 20:4x-20:5x,Screenshot_20260930_204740_Flightradar24.jpg,78,
5X-KDP,2026-09-19,UR121,JUB,EBB,green,2026-09-30 20:4x-20:5x,Screenshot_20260930_204740_Flightradar24.jpg,77,
5X-KDP,2026-09-19,UR200,EBB,NBO,green,2026-09-30 20:4x-20:5x,Screenshot_20260930_204740_Flightradar24.jpg,80,
5X-KDP,2026-09-19,UR201,NBO,EBB,green,2026-09-30 20:4x-20:5x,Screenshot_20260930_204740_Flightradar24.jpg,79,
5X-KOB,2026-09-19,UR208,EBB,NBO,green,2026-09-30 20:4x-20:5x,Screenshot_20260930_204933_Flightradar24.jpg,74,
5X-KDP,2026-09-19,UR322,EBB,DAR,green,2026-09-30 20:4x-20:5x,Screenshot_20260930_204740_Flightradar24.jpg,76,
5X-NIL,2026-09-19,UR430,EBB,BOM,green,2026-09-30 20:4x-20:5x,Screenshot_20260930_205121_Flightradar24.jpg,17,the same capture also carried a grey row
5X-KOB,2026-09-19,UR520,EBB,MGQ,green,2026-09-30 20:4x-20:5x,Screenshot_20260930_204933_Flightradar24.jpg,76,
5X-KOB,2026-09-19,UR521,MGQ,EBB,green,2026-09-30 20:4x-20:5x,Screenshot_20260930_204933_Flightradar24.jpg,75,
ET-APL,2026-09-19,UR710,EBB,JNB,amber,2026-09-30 20:4x-20:5x,Screenshot_20260930_205018_Flightradar24.jpg,53,
ET-APL,2026-09-19,UR711,JNB,EBB,red,2026-09-30 20:4x-20:5x,Screenshot_20260930_205018_Flightradar24.jpg,52,
5X-KDP,2026-09-19,UR720,HRE,EBB,green,2026-09-30 20:4x-20:5x,Screenshot_20260930_204740_Flightradar24.jpg,81,
ET-APL,2026-09-19,UR720,LUN,HRE,green,2026-09-30 20:4x-20:5x,Screenshot_20260930_205018_Flightradar24.jpg,50,
ET-APL,2026-09-19,UR720,EBB,LUN,green,2026-09-30 20:4x-20:5x,Screenshot_20260930_205018_Flightradar24.jpg,51,
ET-APL,2026-09-19,UR903,LOS,EBB,amber,2026-09-30 20:4x-20:5x,Screenshot_20260930_205018_Flightradar24.jpg,54,
5X-NIL,2026-09-20,UR110,EBB,LGW,green,2026-09-30 20:4x-20:5x,Screenshot_20260930_205121_Flightradar24.jpg,14,
5X-NIL,2026-09-20,UR111,LGW,EBB,green,2026-09-30 20:4x-20:5x,Screenshot_20260930_205121_Flightradar24.jpg,13,
5X-KDP,2026-09-20,UR120,EBB,JUB,grey,2026-09-30 20:4x-20:5x,Screenshot_20260930_204740_Flightradar24.jpg,72,
5X-KDP,2026-09-20,UR121,JUB,EBB,grey,2026-09-30 20:4x-20:5x,Screenshot_20260930_204740_Flightradar24.jpg,70,
5X-KDP,2026-09-20,UR200,EBB,NBO,green,2026-09-30 20:4x-20:5x,Screenshot_20260930_204740_Flightradar24.jpg,74,
5X-KDP,2026-09-20,UR201,NBO,EBB,green,2026-09-30 20:4x-20:5x,Screenshot_20260930_204740_Flightradar24.jpg,73,
5X-KOB,2026-09-20,UR206,EBB,NBO,amber,2026-09-30 20:4x-20:5x,Screenshot_20260930_204933_Flightradar24.jpg,67,
5X-KOB,2026-09-20,UR207,NBO,EBB,amber,2026-09-30 20:4x-20:5x,Screenshot_20260930_204933_Flightradar24.jpg,66,
5X-KOB,2026-09-20,UR209,NBO,EBB,green,2026-09-30 20:4x-20:5x,Screenshot_20260930_204933_Flightradar24.jpg,73,
5X-KDP,2026-09-20,UR320,EBB,DAR,red,2026-09-30 20:4x-20:5x,Screenshot_20260930_204740_Flightradar24.jpg,71,
5X-KDP,2026-09-20,UR321,DAR,EBB,red,2026-09-30 20:4x-20:5x,Screenshot_20260930_204740_Flightradar24.jpg,69,
5X-KDP,2026-09-20,UR323,DAR,EBB,green,2026-09-30 20:4x-20:5x,Screenshot_20260930_204740_Flightradar24.jpg,75,
5X-KOB,2026-09-20,UR334,JRO,EBB,red,2026-09-30 20:4x-20:5x,Screenshot_20260930_204933_Flightradar24.jpg,68,
5X-KOB,2026-09-20,UR334,ZNZ,JRO,red,2026-09-30 20:4x-20:5x,Screenshot_20260930_204933_Flightradar24.jpg,69,
5X-KOB,2026-09-20,UR334,EBB,ZNZ,red,2026-09-30 20:4x-20:5x,Screenshot_20260930_204933_Flightradar24.jpg,70,
5X-KDP,2026-09-20,UR342,EBB,MBA,red,2026-09-30 20:4x-20:5x,Screenshot_20260930_204740_Flightradar24.jpg,66,
5X-KDP,2026-09-20,UR343,MBA,EBB,red,2026-09-30 20:4x-20:5x,Screenshot_20260930_204740_Flightradar24.jpg,65,
5X-KDP,2026-09-20,UR360,EBB,BJM,red,2026-09-30 20:4x-20:5x,Screenshot_20260930_204740_Flightradar24.jpg,68,
5X-KDP,2026-09-20,UR361,BJM,EBB,red,2026-09-30 20:4x-20:5x,Screenshot_20260930_204740_Flightradar24.jpg,67,
5X-NIL,2026-09-20,UR431,BOM,EBB,green,2026-09-30 20:4x-20:5x,Screenshot_20260930_205121_Flightradar24.jpg,15,
5X-KOB,2026-09-20,UR520,EBB,MGQ,green,2026-09-30 20:4x-20:5x,Screenshot_20260930_204933_Flightradar24.jpg,72,
5X-KOB,2026-09-20,UR521,MGQ,EBB,green,2026-09-30 20:4x-20:5x,Screenshot_20260930_204933_Flightradar24.jpg,71,
ET-APL,2026-09-20,UR712,EBB,JNB,green,2026-09-30 20:4x-20:5x,Screenshot_20260930_205018_Flightradar24.jpg,46,
5X-KOB,2026-09-20,UR720,LUN,HRE,red,2026-09-30 20:4x-20:5x,Screenshot_20260930_204933_Flightradar24.jpg,64,
5X-KOB,2026-09-20,UR720,EBB,LUN,red,2026-09-30 20:4x-20:5x,Screenshot_20260930_204933_Flightradar24.jpg,65,
ET-APL,2026-09-20,UR720,HRE,EBB,green,2026-09-30 20:4x-20:5x,Screenshot_20260930_205018_Flightradar24.jpg,49,
ET-APL,2026-09-20,UR900,EBB,LOS,green,2026-09-30 20:4x-20:5x,Screenshot_20260930_205018_Flightradar24.jpg,48,
ET-APL,2026-09-20,UR901,LOS,EBB,green,2026-09-30 20:4x-20:5x,Screenshot_20260930_205018_Flightradar24.jpg,47,
5X-KDP,2026-09-21,UR122,EBB,JUB,green,2026-09-30 20:4x-20:5x,Screenshot_20260930_204740_Flightradar24.jpg,64,
5X-KDP,2026-09-21,UR123,JUB,EBB,green,2026-09-30 20:4x-20:5x,Screenshot_20260930_204740_Flightradar24.jpg,63,
5X-KOB,2026-09-21,UR200,EBB,NBO,green,2026-09-30 20:4x-20:5x,Screenshot_20260930_204933_Flightradar24.jpg,62,
5X-KOB,2026-09-21,UR201,NBO,EBB,green,2026-09-30 20:4x-20:5x,Screenshot_20260930_204933_Flightradar24.jpg,61,
5X-KDP,2026-09-21,UR206,EBB,NBO,green,2026-09-30 20:4x-20:5x,Screenshot_20260930_204740_Flightradar24.jpg,60,the same capture also carried a grey row
5X-KDP,2026-09-21,UR207,NBO,EBB,green,2026-09-30 20:4x-20:5x,Screenshot_20260930_204740_Flightradar24.jpg,58,
5X-KDP,2026-09-21,UR208,EBB,NBO,green,2026-09-30 20:4x-20:5x,Screenshot_20260930_204740_Flightradar24.jpg,57,
5X-KDP,2026-09-21,UR320,EBB,DAR,green,2026-09-30 20:4x-20:5x,Screenshot_20260930_204740_Flightradar24.jpg,62,
5X-KDP,2026-09-21,UR321,DAR,EBB,green,2026-09-30 20:4x-20:5x,Screenshot_20260930_204740_Flightradar24.jpg,61,
5X-KOB,2026-09-21,UR360,EBB,BJM,green,2026-09-30 20:4x-20:5x,Screenshot_20260930_204933_Flightradar24.jpg,60,
5X-KOB,2026-09-21,UR361,BJM,EBB,green,2026-09-30 20:4x-20:5x,Screenshot_20260930_204933_Flightradar24.jpg,59,
ET-APL,2026-09-21,UR712,EBB,JNB,green,2026-09-30 20:4x-20:5x,Screenshot_20260930_205018_Flightradar24.jpg,42,
ET-APL,2026-09-21,UR713,JNB,EBB,green,2026-09-30 20:4x-20:5x,Screenshot_20260930_205018_Flightradar24.jpg,45,
5X-KOB,2026-09-21,UR720,LUN,HRE,green,2026-09-30 20:4x-20:5x,Screenshot_20260930_204933_Flightradar24.jpg,57,
5X-KOB,2026-09-21,UR720,EBB,LUN,green,2026-09-30 20:4x-20:5x,Screenshot_20260930_204933_Flightradar24.jpg,58,
5X-KOB,2026-09-21,UR720,HRE,EBB,red,2026-09-30 20:4x-20:5x,Screenshot_20260930_204933_Flightradar24.jpg,63,
ET-APL,2026-09-21,UR900,EBB,LOS,green,2026-09-30 20:4x-20:5x,Screenshot_20260930_205018_Flightradar24.jpg,44,
ET-APL,2026-09-21,UR901,LOS,EBB,green,2026-09-30 20:4x-20:5x,Screenshot_20260930_205018_Flightradar24.jpg,43,
5X-NIL,2026-09-22,UR110,EBB,LGW,green,2026-09-30 20:4x-20:5x,Screenshot_20260930_205121_Flightradar24.jpg,12,
5X-NIL,2026-09-22,UR111,LGW,EBB,red,2026-09-30 20:4x-20:5x,Screenshot_20260930_205121_Flightradar24.jpg,11,
5X-KOB,2026-09-22,UR120,EBB,JUB,green,2026-09-30 20:4x-20:5x,Screenshot_20260930_204933_Flightradar24.jpg,53,
5X-KOB,2026-09-22,UR121,JUB,EBB,green,2026-09-30 20:4x-20:5x,Screenshot_20260930_204933_Flightradar24.jpg,51,repeated in the same capture
5X-KOB,2026-09-22,UR200,EBB,NBO,green,2026-09-30 20:4x-20:5x,Screenshot_20260930_204933_Flightradar24.jpg,55,
5X-KOB,2026-09-22,UR201,NBO,EBB,green,2026-09-30 20:4x-20:5x,Screenshot_20260930_204933_Flightradar24.jpg,54,
5X-KDP,2026-09-22,UR206,EBB,NBO,green,2026-09-30 20:4x-20:5x,Screenshot_20260930_204740_Flightradar24.jpg,51,
5X-KDP,2026-09-22,UR207,NBO,EBB,green,2026-09-30 20:4x-20:5x,Screenshot_20260930_204740_Flightradar24.jpg,50,
5X-KDP,2026-09-22,UR209,NBO,EBB,green,2026-09-30 20:4x-20:5x,Screenshot_20260930_204740_Flightradar24.jpg,56,
5X-KDP,2026-09-22,UR320,EBB,DAR,green,2026-09-30 20:4x-20:5x,Screenshot_20260930_204740_Flightradar24.jpg,53,
5X-KDP,2026-09-22,UR321,DAR,EBB,green,2026-09-30 20:4x-20:5x,Screenshot_20260930_204740_Flightradar24.jpg,52,
5X-KOB,2026-09-22,UR360,EBB,BJM,green,2026-09-30 20:4x-20:5x,Screenshot_20260930_204933_Flightradar24.jpg,50,
5X-KOB,2026-09-22,UR361,BJM,EBB,green,2026-09-30 20:4x-20:5x,Screenshot_20260930_204933_Flightradar24.jpg,49,
5X-KDP,2026-09-22,UR520,EBB,MGQ,green,2026-09-30 20:4x-20:5x,Screenshot_20260930_204740_Flightradar24.jpg,55,
5X-KDP,2026-09-22,UR521,MGQ,EBB,green,2026-09-30 20:4x-20:5x,Screenshot_20260930_204740_Flightradar24.jpg,54,
ET-APL,2026-09-22,UR712,EBB,JNB,green,2026-09-30 20:4x-20:5x,Screenshot_20260930_205018_Flightradar24.jpg,37,
ET-APL,2026-09-22,UR713,JNB,EBB,green,2026-09-30 20:4x-20:5x,Screenshot_20260930_205018_Flightradar24.jpg,41,
5X-KOB,2026-09-22,UR720,HRE,EBB,green,2026-09-30 20:4x-20:5x,Screenshot_20260930_204933_Flightradar24.jpg,56,
ET-APL,2026-09-22,UR722,LUN,EBB,green,2026-09-30 20:4x-20:5x,Screenshot_20260930_205018_Flightradar24.jpg,38,
ET-APL,2026-09-22,UR722,HRE,LUN,green,2026-09-30 20:4x-20:5x,Screenshot_20260930_205018_Flightradar24.jpg,39,
ET-APL,2026-09-22,UR722,EBB,HRE,green,2026-09-30 20:4x-20:5x,Screenshot_20260930_205018_Flightradar24.jpg,40,
5X-KOB,2026-09-23,UR122,EBB,JUB,green,2026-09-30 20:4x-20:5x,Screenshot_20260930_204933_Flightradar24.jpg,48,
5X-KOB,2026-09-23,UR123,JUB,EBB,green,2026-09-30 20:4x-20:5x,Screenshot_20260930_204933_Flightradar24.jpg,47,
5X-KDP,2026-09-23,UR200,EBB,NBO,green,2026-09-30 20:4x-20:5x,Screenshot_20260930_204740_Flightradar24.jpg,49,
5X-KDP,2026-09-23,UR201,NBO,EBB,grey,2026-09-30 20:4x-20:5x,Screenshot_20260930_204740_Flightradar24.jpg,48,
5X-KOB,2026-09-23,UR208,EBB,NBO,green,2026-09-30 20:4x-20:5x,Screenshot_20260930_204933_Flightradar24.jpg,43,
ET-APL,2026-09-23,UR322,EBB,DAR,green,2026-09-30 20:4x-20:5x,Screenshot_20260930_205018_Flightradar24.jpg,33,
5X-KDP,2026-09-23,UR334,JRO,EBB,grey,2026-09-30 20:4x-20:5x,Screenshot_20260930_204740_Flightradar24.jpg,44,
5X-KDP,2026-09-23,UR334,ZNZ,JRO,grey,2026-09-30 20:4x-20:5x,Screenshot_20260930_204740_Flightradar24.jpg,45,
5X-KDP,2026-09-23,UR334,EBB,ZNZ,grey,2026-09-30 20:4x-20:5x,Screenshot_20260930_204740_Flightradar24.jpg,46,repeated in the same capture
5X-KDP,2026-09-23,UR342,EBB,MBA,green,2026-09-30 20:4x-20:5x,Screenshot_20260930_204740_Flightradar24.jpg,41,
5X-KDP,2026-09-23,UR343,MBA,EBB,green,2026-09-30 20:4x-20:5x,Screenshot_20260930_204740_Flightradar24.jpg,40,
5X-KDP,2026-09-23,UR360,EBB,BJM,green,2026-09-30 20:4x-20:5x,Screenshot_20260930_204740_Flightradar24.jpg,43,
5X-KDP,2026-09-23,UR361,BJM,EBB,green,2026-09-30 20:4x-20:5x,Screenshot_20260930_204740_Flightradar24.jpg,42,
5X-NIL,2026-09-23,UR430,EBB,BOM,amber,2026-09-30 20:4x-20:5x,Screenshot_20260930_205121_Flightradar24.jpg,10,
ET-APL,2026-09-23,UR710,EBB,JNB,green,2026-09-30 20:4x-20:5x,Screenshot_20260930_205018_Flightradar24.jpg,35,
ET-APL,2026-09-23,UR711,JNB,EBB,amber,2026-09-30 20:4x-20:5x,Screenshot_20260930_205018_Flightradar24.jpg,34,
ET-APL,2026-09-23,UR713,JNB,EBB,green,2026-09-30 20:4x-20:5x,Screenshot_20260930_205018_Flightradar24.jpg,36,
5X-KOB,2026-09-23,UR722,LUN,EBB,amber,2026-09-30 20:4x-20:5x,Screenshot_20260930_204933_Flightradar24.jpg,44,
5X-KOB,2026-09-23,UR722,HRE,LUN,green,2026-09-30 20:4x-20:5x,Screenshot_20260930_204933_Flightradar24.jpg,45,
5X-KOB,2026-09-23,UR722,EBB,HRE,green,2026-09-30 20:4x-20:5x,Screenshot_20260930_204933_Flightradar24.jpg,46,
5X-KOB,2026-09-24,UR120,EBB,JUB,green,2026-09-30 20:4x-20:5x,Screenshot_20260930_204933_Flightradar24.jpg,41,
5X-KOB,2026-09-24,UR121,JUB,EBB,green,2026-09-30 20:4x-20:5x,Screenshot_20260930_204933_Flightradar24.jpg,40,
5X-KDP,2026-09-24,UR200,EBB,NBO,green,2026-09-30 20:4x-20:5x,Screenshot_20260930_204740_Flightradar24.jpg,39,
5X-KDP,2026-09-24,UR201,NBO,EBB,green,2026-09-30 20:4x-20:5x,Screenshot_20260930_204740_Flightradar24.jpg,38,
5X-EQU,2026-09-24,UR208,EBB,NBO,green,2026-09-30 20:4x-20:5x,Screenshot_20260930_204706_Flightradar24.jpg,35,repeated in the same capture
5X-KOB,2026-09-24,UR209,NBO,EBB,green,2026-09-30 20:4x-20:5x,Screenshot_20260930_204933_Flightradar24.jpg,42,
5X-KDP,2026-09-24,UR322,EBB,DAR,green,2026-09-30 20:4x-20:5x,Screenshot_20260930_204740_Flightradar24.jpg,37,
ET-APL,2026-09-24,UR323,DAR,EBB,green,2026-09-30 20:4x-20:5x,Screenshot_20260930_205018_Flightradar24.jpg,32,
5X-EQU,2026-09-24,UR360,EBB,BJM,green,2026-09-30 20:4x-20:5x,Screenshot_20260930_204706_Flightradar24.jpg,37,repeated in the same capture
5X-EQU,2026-09-24,UR361,BJM,EBB,green,2026-09-30 20:4x-20:5x,Screenshot_20260930_204706_Flightradar24.jpg,36,repeated in the same capture
5X-NIL,2026-09-24,UR431,BOM,EBB,green,2026-09-30 20:4x-20:5x,Screenshot_20260930_205121_Flightradar24.jpg,9,
5X-KOB,2026-09-24,UR712,EBB,JNB,red,2026-09-30 20:4x-20:5x,Screenshot_20260930_204933_Flightradar24.jpg,39,
ET-APL,2026-09-24,UR722,LUN,EBB,red,2026-09-30 20:4x-20:5x,Screenshot_20260930_205018_Flightradar24.jpg,29,
ET-APL,2026-09-24,UR722,HRE,LUN,red,2026-09-30 20:4x-20:5x,Screenshot_20260930_205018_Flightradar24.jpg,30,
ET-APL,2026-09-24,UR722,EBB,HRE,green,2026-09-30 20:4x-20:5x,Screenshot_20260930_205018_Flightradar24.jpg,31,
ET-APL,2026-09-24,UR902,EBB,LOS,red,2026-09-30 20:4x-20:5x,Screenshot_20260930_205018_Flightradar24.jpg,28,
5X-NIL,2026-09-25,UR110,EBB,LGW,green,2026-09-30 20:4x-20:5x,Screenshot_20260930_205121_Flightradar24.jpg,8,
5X-NIL,2026-09-25,UR111,LGW,EBB,green,2026-09-30 20:4x-20:5x,Screenshot_20260930_205121_Flightradar24.jpg,7,
5X-KDP,2026-09-25,UR120,EBB,JUB,green,2026-09-30 20:4x-20:5x,Screenshot_20260930_204740_Flightradar24.jpg,33,
5X-KDP,2026-09-25,UR121,JUB,EBB,green,2026-09-30 20:4x-20:5x,Screenshot_20260930_204740_Flightradar24.jpg,32,
5X-EQU,2026-09-25,UR200,EBB,NBO,green,2026-09-30 20:4x-20:5x,Screenshot_20260930_204706_Flightradar24.jpg,33,repeated in the same capture
5X-EQU,2026-09-25,UR201,NBO,EBB,green,2026-09-30 20:4x-20:5x,Screenshot_20260930_204706_Flightradar24.jpg,32,repeated in the same capture
5X-EQU,2026-09-25,UR206,EBB,NBO,green,2026-09-30 20:4x-20:5x,Screenshot_20260930_204706_Flightradar24.jpg,31,repeated in the same capture
5X-EQU,2026-09-25,UR207,NBO,EBB,green,2026-09-30 20:4x-20:5x,Screenshot_20260930_204706_Flightradar24.jpg,30,repeated in the same capture
5X-EQU,2026-09-25,UR209,NBO,EBB,green,2026-09-30 20:4x-20:5x,Screenshot_20260930_204706_Flightradar24.jpg,34,repeated in the same capture
5X-EQU,2026-09-25,UR322,EBB,DAR,green,2026-09-30 20:4x-20:5x,Screenshot_20260930_204706_Flightradar24.jpg,29,repeated in the same capture
5X-KDP,2026-09-25,UR323,DAR,EBB,green,2026-09-30 20:4x-20:5x,Screenshot_20260930_204740_Flightradar24.jpg,36,
5X-KOB,2026-09-25,UR334,JRO,EBB,green,2026-09-30 20:4x-20:5x,Screenshot_20260930_204933_Flightradar24.jpg,35,
5X-KOB,2026-09-25,UR334,ZNZ,JRO,green,2026-09-30 20:4x-20:5x,Screenshot_20260930_204933_Flightradar24.jpg,36,
5X-KOB,2026-09-25,UR334,EBB,ZNZ,green,2026-09-30 20:4x-20:5x,Screenshot_20260930_204933_Flightradar24.jpg,37,
5X-KDP,2026-09-25,UR342,EBB,MBA,green,2026-09-30 20:4x-20:5x,Screenshot_20260930_204740_Flightradar24.jpg,31,
5X-KDP,2026-09-25,UR343,MBA,EBB,green,2026-09-30 20:4x-20:5x,Screenshot_20260930_204740_Flightradar24.jpg,30,
5X-KOB,2026-09-25,UR360,EBB,BJM,green,2026-09-30 20:4x-20:5x,Screenshot_20260930_204933_Flightradar24.jpg,34,
5X-KOB,2026-09-25,UR361,BJM,EBB,green,2026-09-30 20:4x-20:5x,Screenshot_20260930_204933_Flightradar24.jpg,33,
5X-KDP,2026-09-25,UR520,EBB,MGQ,green,2026-09-30 20:4x-20:5x,Screenshot_20260930_204740_Flightradar24.jpg,35,
5X-KDP,2026-09-25,UR521,MGQ,EBB,green,2026-09-30 20:4x-20:5x,Screenshot_20260930_204740_Flightradar24.jpg,34,
ET-APL,2026-09-25,UR710,EBB,JNB,red,2026-09-30 20:4x-20:5x,Screenshot_20260930_205018_Flightradar24.jpg,26,
ET-APL,2026-09-25,UR711,JNB,EBB,red,2026-09-30 20:4x-20:5x,Screenshot_20260930_205018_Flightradar24.jpg,25,
5X-KOB,2026-09-25,UR713,JNB,EBB,green,2026-09-30 20:4x-20:5x,Screenshot_20260930_204933_Flightradar24.jpg,38,
5X-KOB,2026-09-25,UR720,LUN,HRE,green,2026-09-30 20:4x-20:5x,Screenshot_20260930_204933_Flightradar24.jpg,31,
5X-KOB,2026-09-25,UR720,EBB,LUN,green,2026-09-30 20:4x-20:5x,Screenshot_20260930_204933_Flightradar24.jpg,32,
ET-APL,2026-09-25,UR902,EBB,LOS,red,2026-09-30 20:4x-20:5x,Screenshot_20260930_205018_Flightradar24.jpg,24,
ET-APL,2026-09-25,UR903,LOS,EBB,red,2026-09-30 20:4x-20:5x,Screenshot_20260930_205018_Flightradar24.jpg,27,
5X-EQU,2026-09-26,UR120,EBB,JUB,green,2026-09-30 20:4x-20:5x,Screenshot_20260930_204706_Flightradar24.jpg,25,repeated in the same capture
5X-EQU,2026-09-26,UR121,JUB,EBB,green,2026-09-30 20:4x-20:5x,Screenshot_20260930_204706_Flightradar24.jpg,24,repeated in the same capture
5X-KOB,2026-09-26,UR200,EBB,NBO,green,2026-09-30 20:4x-20:5x,Screenshot_20260930_204933_Flightradar24.jpg,29,
5X-KOB,2026-09-26,UR201,NBO,EBB,green,2026-09-30 20:4x-20:5x,Screenshot_20260930_204933_Flightradar24.jpg,28,
5X-KDP,2026-09-26,UR208,EBB,NBO,green,2026-09-30 20:4x-20:5x,Screenshot_20260930_204740_Flightradar24.jpg,26,
5X-EQU,2026-09-26,UR322,EBB,DAR,green,2026-09-30 20:4x-20:5x,Screenshot_20260930_204706_Flightradar24.jpg,23,repeated in the same capture
5X-EQU,2026-09-26,UR323,DAR,EBB,green,2026-09-30 20:4x-20:5x,Screenshot_20260930_204706_Flightradar24.jpg,28,repeated in the same capture
5X-NIL,2026-09-26,UR430,EBB,BOM,green,2026-09-30 20:4x-20:5x,Screenshot_20260930_205121_Flightradar24.jpg,6,
5X-EQU,2026-09-26,UR520,EBB,MGQ,green,2026-09-30 20:4x-20:5x,Screenshot_20260930_204706_Flightradar24.jpg,27,repeated in the same capture
5X-EQU,2026-09-26,UR521,MGQ,EBB,green,2026-09-30 20:4x-20:5x,Screenshot_20260930_204706_Flightradar24.jpg,26,repeated in the same capture
ET-APL,2026-09-26,UR710,EBB,JNB,red,2026-09-30 20:4x-20:5x,Screenshot_20260930_205018_Flightradar24.jpg,22,
ET-APL,2026-09-26,UR711,JNB,EBB,red,2026-09-30 20:4x-20:5x,Screenshot_20260930_205018_Flightradar24.jpg,21,
5X-KOB,2026-09-26,UR720,HRE,EBB,green,2026-09-30 20:4x-20:5x,Screenshot_20260930_204933_Flightradar24.jpg,30,
ET-APL,2026-09-26,UR720,LUN,HRE,green,2026-09-30 20:4x-20:5x,Screenshot_20260930_205018_Flightradar24.jpg,19,
ET-APL,2026-09-26,UR720,EBB,LUN,amber,2026-09-30 20:4x-20:5x,Screenshot_20260930_205018_Flightradar24.jpg,20,
5X-KDP,2026-09-26,UR722,LUN,EBB,green,2026-09-30 20:4x-20:5x,Screenshot_20260930_204740_Flightradar24.jpg,27,
5X-KDP,2026-09-26,UR722,HRE,LUN,green,2026-09-30 20:4x-20:5x,Screenshot_20260930_204740_Flightradar24.jpg,28,
5X-KDP,2026-09-26,UR722,EBB,HRE,green,2026-09-30 20:4x-20:5x,Screenshot_20260930_204740_Flightradar24.jpg,29,
ET-APL,2026-09-26,UR903,LOS,EBB,red,2026-09-30 20:4x-20:5x,Screenshot_20260930_205018_Flightradar24.jpg,23,
5X-NIL,2026-09-27,UR110,EBB,LGW,green,2026-09-30 20:4x-20:5x,Screenshot_20260930_205121_Flightradar24.jpg,4,
5X-NIL,2026-09-27,UR111,LGW,EBB,green,2026-09-30 20:4x-20:5x,Screenshot_20260930_205121_Flightradar24.jpg,3,
5X-KOB,2026-09-27,UR120,EBB,JUB,green,2026-09-30 20:4x-20:5x,Screenshot_20260930_204933_Flightradar24.jpg,25,
5X-KOB,2026-09-27,UR121,JUB,EBB,green,2026-09-30 20:4x-20:5x,Screenshot_20260930_204933_Flightradar24.jpg,24,
ET-APL,2026-09-27,UR200,EBB,NBO,green,2026-09-30 20:4x-20:5x,Screenshot_20260930_205018_Flightradar24.jpg,17,
ET-APL,2026-09-27,UR201,NBO,EBB,green,2026-09-30 20:4x-20:5x,Screenshot_20260930_205018_Flightradar24.jpg,16,
5X-EQU,2026-09-27,UR206,EBB,NBO,red,2026-09-30 20:4x-20:5x,Screenshot_20260930_204706_Flightradar24.jpg,16,repeated in the same capture
5X-EQU,2026-09-27,UR207,NBO,EBB,red,2026-09-30 20:4x-20:5x,Screenshot_20260930_204706_Flightradar24.jpg,15,repeated in the same capture
5X-EQU,2026-09-27,UR208,EBB,NBO,red,2026-09-30 20:4x-20:5x,Screenshot_20260930_204706_Flightradar24.jpg,14,repeated in the same capture
5X-KDP,2026-09-27,UR209,NBO,EBB,green,2026-09-30 20:4x-20:5x,Screenshot_20260930_204740_Flightradar24.jpg,25,
ET-APL,2026-09-27,UR320,EBB,DAR,grey,2026-09-30 20:4x-20:5x,Screenshot_20260930_205018_Flightradar24.jpg,15,
ET-APL,2026-09-27,UR321,DAR,EBB,red,2026-09-30 20:4x-20:5x,Screenshot_20260930_205018_Flightradar24.jpg,14,
5X-EQU,2026-09-27,UR323,DAR,EBB,green,2026-09-30 20:4x-20:5x,Screenshot_20260930_204706_Flightradar24.jpg,22,repeated in the same capture
5X-KDP,2026-09-27,UR334,JRO,EBB,green,2026-09-30 20:4x-20:5x,Screenshot_20260930_204740_Flightradar24.jpg,22,
5X-KDP,2026-09-27,UR334,ZNZ,JRO,green,2026-09-30 20:4x-20:5x,Screenshot_20260930_204740_Flightradar24.jpg,23,
5X-KDP,2026-09-27,UR334,EBB,ZNZ,green,2026-09-30 20:4x-20:5x,Screenshot_20260930_204740_Flightradar24.jpg,24,
5X-KOB,2026-09-27,UR342,EBB,MBA,green,2026-09-30 20:4x-20:5x,Screenshot_20260930_204933_Flightradar24.jpg,23,
5X-KOB,2026-09-27,UR343,MBA,EBB,green,2026-09-30 20:4x-20:5x,Screenshot_20260930_204933_Flightradar24.jpg,22,
5X-KDP,2026-09-27,UR360,EBB,BJM,green,2026-09-30 20:4x-20:5x,Screenshot_20260930_204740_Flightradar24.jpg,21,
5X-KDP,2026-09-27,UR361,BJM,EBB,green,2026-09-30 20:4x-20:5x,Screenshot_20260930_204740_Flightradar24.jpg,20,
5X-NIL,2026-09-27,UR431,BOM,EBB,green,2026-09-30 20:4x-20:5x,Screenshot_20260930_205121_Flightradar24.jpg,5,
5X-KOB,2026-09-27,UR520,EBB,MGQ,green,2026-09-30 20:4x-20:5x,Screenshot_20260930_204933_Flightradar24.jpg,27,
5X-KOB,2026-09-27,UR521,MGQ,EBB,green,2026-09-30 20:4x-20:5x,Screenshot_20260930_204933_Flightradar24.jpg,26,
5X-EQU,2026-09-27,UR523,UG-0013,EBB,grey,2026-09-30 20:4x-20:5x,Screenshot_20260930_204706_Flightradar24.jpg,17,repeated in the same capturerepeated in the same capturerepeated in the same capture
5X-EQU,2026-09-27,UR523,EBB,UG-0013,grey,2026-09-30 20:4x-20:5x,Screenshot_20260930_204706_Flightradar24.jpg,18,repeated in the same capturerepeated in the same capturerepeated in the same capture
5X-EQU,2026-09-27,UR523,EBB,EBB,grey,2026-09-30 20:4x-20:5x,Screenshot_20260930_204706_Flightradar24.jpg,21,repeated in the same capture
ET-APL,2026-09-27,UR712,EBB,JNB,green,2026-09-30 20:4x-20:5x,Screenshot_20260930_205018_Flightradar24.jpg,13,
5X-KDP,2026-09-27,UR720,LUN,HRE,green,2026-09-30 20:4x-20:5x,Screenshot_20260930_204740_Flightradar24.jpg,18,
5X-KDP,2026-09-27,UR720,EBB,LUN,green,2026-09-30 20:4x-20:5x,Screenshot_20260930_204740_Flightradar24.jpg,19,
ET-APL,2026-09-27,UR720,HRE,EBB,green,2026-09-30 20:4x-20:5x,Screenshot_20260930_205018_Flightradar24.jpg,18,
5X-KOB,2026-09-28,UR122,EBB,JUB,green,2026-09-30 20:4x-20:5x,Screenshot_20260930_204933_Flightradar24.jpg,21,
5X-KOB,2026-09-28,UR123,JUB,EBB,green,2026-09-30 20:4x-20:5x,Screenshot_20260930_204933_Flightradar24.jpg,20,
5X-KDP,2026-09-28,UR200,EBB,NBO,green,2026-09-30 20:4x-20:5x,Screenshot_20260930_204740_Flightradar24.jpg,16,
5X-KDP,2026-09-28,UR201,NBO,EBB,green,2026-09-30 20:4x-20:5x,Screenshot_20260930_204740_Flightradar24.jpg,15,
5X-KOB,2026-09-28,UR206,EBB,NBO,green,2026-09-30 20:4x-20:5x,Screenshot_20260930_204933_Flightradar24.jpg,17,
5X-KOB,2026-09-28,UR207,NBO,EBB,green,2026-09-30 20:4x-20:5x,Screenshot_20260930_204933_Flightradar24.jpg,16,
5X-EQU,2026-09-28,UR208,EBB,NBO,green,2026-09-30 20:4x-20:5x,Screenshot_20260930_204706_Flightradar24.jpg,10,repeated in the same capture
5X-EQU,2026-09-28,UR209,NBO,EBB,amber,2026-09-30 20:4x-20:5x,Screenshot_20260930_204706_Flightradar24.jpg,13,repeated in the same capture
5X-KOB,2026-09-28,UR320,EBB,DAR,green,2026-09-30 20:4x-20:5x,Screenshot_20260930_204933_Flightradar24.jpg,19,
5X-KOB,2026-09-28,UR321,DAR,EBB,green,2026-09-30 20:4x-20:5x,Screenshot_20260930_204933_Flightradar24.jpg,18,
5X-KDP,2026-09-28,UR322,EBB,DAR,green,2026-09-30 20:4x-20:5x,Screenshot_20260930_204740_Flightradar24.jpg,12,
5X-KDP,2026-09-28,UR323,DAR,EBB,green,2026-09-30 20:4x-20:5x,Screenshot_20260930_204740_Flightradar24.jpg,11,
5X-KDP,2026-09-28,UR360,EBB,BJM,green,2026-09-30 20:4x-20:5x,Screenshot_20260930_204740_Flightradar24.jpg,14,
5X-KDP,2026-09-28,UR361,BJM,EBB,green,2026-09-30 20:4x-20:5x,Screenshot_20260930_204740_Flightradar24.jpg,13,
5X-EQU,2026-09-28,UR710,EBB,JNB,green,2026-09-30 20:4x-20:5x,Screenshot_20260930_204706_Flightradar24.jpg,12,repeated in the same capture
5X-EQU,2026-09-28,UR711,JNB,EBB,green,2026-09-30 20:4x-20:5x,Screenshot_20260930_204706_Flightradar24.jpg,11,repeated in the same capture
ET-APL,2026-09-28,UR712,EBB,JNB,green,2026-09-30 20:4x-20:5x,Screenshot_20260930_205018_Flightradar24.jpg,9,
ET-APL,2026-09-28,UR713,JNB,EBB,green,2026-09-30 20:4x-20:5x,Screenshot_20260930_205018_Flightradar24.jpg,12,
5X-KDP,2026-09-28,UR720,HRE,EBB,green,2026-09-30 20:4x-20:5x,Screenshot_20260930_204740_Flightradar24.jpg,17,
5X-KOB,2026-09-28,UR720,LUN,HRE,amber,2026-09-30 20:4x-20:5x,Screenshot_20260930_204933_Flightradar24.jpg,14,
5X-KOB,2026-09-28,UR720,EBB,LUN,red,2026-09-30 20:4x-20:5x,Screenshot_20260930_204933_Flightradar24.jpg,15,
ET-APL,2026-09-28,UR900,EBB,LOS,green,2026-09-30 20:4x-20:5x,Screenshot_20260930_205018_Flightradar24.jpg,11,
ET-APL,2026-09-28,UR901,LOS,EBB,amber,2026-09-30 20:4x-20:5x,Screenshot_20260930_205018_Flightradar24.jpg,10,
5X-NIL,2026-09-29,UR110,EBB,LGW,amber,2026-09-30 20:4x-20:5x,Screenshot_20260930_205121_Flightradar24.jpg,2,
5X-NIL,2026-09-29,UR111,LGW,EBB,amber,2026-09-30 20:4x-20:5x,Screenshot_20260930_205121_Flightradar24.jpg,1,
5X-KDP,2026-09-29,UR120,EBB,JUB,green,2026-09-30 20:4x-20:5x,Screenshot_20260930_204740_Flightradar24.jpg,8,
5X-KDP,2026-09-29,UR121,JUB,EBB,green,2026-09-30 20:4x-20:5x,Screenshot_20260930_204740_Flightradar24.jpg,7,
5X-EQU,2026-09-29,UR200,EBB,NBO,green,2026-09-30 20:4x-20:5x,Screenshot_20260930_204706_Flightradar24.jpg,8,repeated in the same capture
5X-EQU,2026-09-29,UR201,NBO,EBB,green,2026-09-30 20:4x-20:5x,Screenshot_20260930_204706_Flightradar24.jpg,7,repeated in the same capture
5X-KOB,2026-09-29,UR206,EBB,NBO,red,2026-09-30 20:4x-20:5x,Screenshot_20260930_204933_Flightradar24.jpg,8,
5X-KOB,2026-09-29,UR207,NBO,EBB,red,2026-09-30 20:4x-20:5x,Screenshot_20260930_204933_Flightradar24.jpg,6,
5X-EQU,2026-09-29,UR209,NBO,EBB,green,2026-09-30 20:4x-20:5x,Screenshot_20260930_204706_Flightradar24.jpg,9,repeated in the same capture
5X-KOB,2026-09-29,UR320,EBB,DAR,green,2026-09-30 20:4x-20:5x,Screenshot_20260930_204933_Flightradar24.jpg,11,
5X-KOB,2026-09-29,UR321,DAR,EBB,green,2026-09-30 20:4x-20:5x,Screenshot_20260930_204933_Flightradar24.jpg,10,
5X-KOB,2026-09-29,UR360,EBB,BJM,green,2026-09-30 20:4x-20:5x,Screenshot_20260930_204933_Flightradar24.jpg,9,
5X-KOB,2026-09-29,UR361,BJM,EBB,green,2026-09-30 20:4x-20:5x,Screenshot_20260930_204933_Flightradar24.jpg,7,
5X-KDP,2026-09-29,UR520,EBB,MGQ,green,2026-09-30 20:4x-20:5x,Screenshot_20260930_204740_Flightradar24.jpg,10,
5X-KDP,2026-09-29,UR521,MGQ,EBB,green,2026-09-30 20:4x-20:5x,Screenshot_20260930_204740_Flightradar24.jpg,9,
5X-KDP,2026-09-29,UR523,EBB,UG-0013,grey,2026-09-30 20:4x-20:5x,Screenshot_20260930_204740_Flightradar24.jpg,6,
ET-APL,2026-09-29,UR712,EBB,JNB,green,2026-09-30 20:4x-20:5x,Screenshot_20260930_205018_Flightradar24.jpg,4,
ET-APL,2026-09-29,UR713,JNB,EBB,green,2026-09-30 20:4x-20:5x,Screenshot_20260930_205018_Flightradar24.jpg,8,
5X-KOB,2026-09-29,UR720,HRE,EBB,red,2026-09-30 20:4x-20:5x,Screenshot_20260930_204933_Flightradar24.jpg,13,
5X-KOB,2026-09-29,UR720X,NBO,EBB,grey,2026-09-30 20:4x-20:5x,Screenshot_20260930_204933_Flightradar24.jpg,12,
ET-APL,2026-09-29,UR722,LUN,EBB,green,2026-09-30 20:4x-20:5x,Screenshot_20260930_205018_Flightradar24.jpg,5,
ET-APL,2026-09-29,UR722,HRE,LUN,green,2026-09-30 20:4x-20:5x,Screenshot_20260930_205018_Flightradar24.jpg,6,
ET-APL,2026-09-29,UR722,EBB,HRE,green,2026-09-30 20:4x-20:5x,Screenshot_20260930_205018_Flightradar24.jpg,7,
5X-KOB,2026-09-30,UR122,EBB,JUB,green,2026-09-30 20:4x-20:5x,Screenshot_20260930_204933_Flightradar24.jpg,5,
5X-KOB,2026-09-30,UR123,JUB,EBB,green,2026-09-30 20:4x-20:5x,Screenshot_20260930_204933_Flightradar24.jpg,4,
5X-EQU,2026-09-30,UR200,EBB,NBO,green,2026-09-30 20:4x-20:5x,Screenshot_20260930_204706_Flightradar24.jpg,6,repeated in the same capture
5X-EQU,2026-09-30,UR201,NBO,EBB,green,2026-09-30 20:4x-20:5x,Screenshot_20260930_204706_Flightradar24.jpg,5,repeated in the same capture
5X-EQU,2026-09-30,UR334,JRO,EBB,green,2026-09-30 20:4x-20:5x,Screenshot_20260930_204706_Flightradar24.jpg,2,repeated in the same capture
5X-EQU,2026-09-30,UR334,ZNZ,JRO,green,2026-09-30 20:4x-20:5x,Screenshot_20260930_204706_Flightradar24.jpg,3,repeated in the same capture
5X-EQU,2026-09-30,UR334,EBB,ZNZ,green,2026-09-30 20:4x-20:5x,Screenshot_20260930_204706_Flightradar24.jpg,4,repeated in the same capture
5X-EQU,2026-09-30,UR342,EBB,MBA,green,2026-09-30 20:4x-20:5x,Screenshot_20260930_204706_Flightradar24.jpg,1,repeated in the same capture
5X-KDP,2026-09-30,UR360,EBB,BJM,green,2026-09-30 20:4x-20:5x,Screenshot_20260930_204740_Flightradar24.jpg,2,
5X-KDP,2026-09-30,UR361,BJM,EBB,green,2026-09-30 20:4x-20:5x,Screenshot_20260930_204740_Flightradar24.jpg,1,
5X-KDP,2026-09-30,UR523,UG-0013,EBB,grey,2026-09-30 20:4x-20:5x,Screenshot_20260930_204740_Flightradar24.jpg,3,repeated in the same capture
5X-KDP,2026-09-30,UR523,EBB,UG-0013,grey,2026-09-30 20:4x-20:5x,Screenshot_20260930_204740_Flightradar24.jpg,4,
ET-APL,2026-09-30,UR710,EBB,JNB,amber,2026-09-30 20:4x-20:5x,Screenshot_20260930_205018_Flightradar24.jpg,2,
ET-APL,2026-09-30,UR711,JNB,EBB,amber,2026-09-30 20:4x-20:5x,Screenshot_20260930_205018_Flightradar24.jpg,1,
ET-APL,2026-09-30,UR713,JNB,EBB,green,2026-09-30 20:4x-20:5x,Screenshot_20260930_205018_Flightradar24.jpg,3,
5X-KOB,2026-09-30,UR722,LUN,EBB,green,2026-09-30 20:4x-20:5x,Screenshot_20260930_204933_Flightradar24.jpg,1,
5X-KOB,2026-09-30,UR722,HRE,LUN,green,2026-09-30 20:4x-20:5x,Screenshot_20260930_204933_Flightradar24.jpg,2,
5X-KOB,2026-09-30,UR722,EBB,HRE,green,2026-09-30 20:4x-20:5x,Screenshot_20260930_204933_Flightradar24.jpg,3,
