date_local,flight,origin,takeoff_local,departure_utc,arrival_local,arrival_utc,dest,next_day,takeoff_not_observed,landing_not_observed,air_minutes,fixes,source_file
01OCT26,UGD209,NBO,0014,2026-09-30 21:14:59Z,0104,2026-09-30 22:04:45Z,EBB,,,,50,236,UR209-41e99651.csv
01OCT26,UGD323,DAR,0030,2026-09-30 21:30:37Z,0159,2026-09-30 22:59:19Z,EBB,,,,89,287,UR323-41e9a202.csv
01OCT26,UGD431,BOM,0819,2026-10-01 02:49:18Z,1159,2026-10-01 08:59:58Z,EBB,,,,371,576,UR431-41ea6abb.csv
01OCT26,UGD200,EBB,0756,2026-10-01 04:56:43Z,0846,2026-10-01 05:46:28Z,NBO,,,,50,260,UR200-41eab7db.csv
01OCT26,UGD201,NBO,1010,2026-10-01 07:10:03Z,1100,2026-10-01 08:00:33Z,EBB,,,,50,278,UR201-41eafd1e.csv
01OCT26,UGD722,EBB,1334,2026-10-01 10:34:55Z,1518,2026-10-01 13:18:37Z,HRE,,,,164,579,UR722-41eb7315.csv
01OCT26,UGD120,EBB,1348,2026-10-01 10:48:27Z,1343,2026-10-01 11:43:20Z,JUB,,,,55,327,UR120-41eb8825.csv
01OCT26,UGD121,JUB,1518,2026-10-01 13:18:09Z,1708,2026-10-01 14:08:44Z,EBB,,,,51,249,UR121-41ec0628.csv
01OCT26,UGD360,EBB,1624,2026-10-01 13:24:54Z,1614,2026-10-01 14:14:31Z,BJM,,,,50,292,UR360-41ec0adc.csv
01OCT26,UGD722,HRE,1611,2026-10-01 14:11:57Z,1658,2026-10-01 14:58:36Z,LUN,,,,47,451,UR722-41ec2de3.csv
01OCT26,UGD361,BJM,1727,2026-10-01 15:27:43Z,1920,2026-10-01 16:20:01Z,EBB,,,,52,307,UR361-41ec8036.csv
01OCT26,UGD722,LUN,1758,2026-10-01 15:58:31Z,2120,2026-10-01 18:20:15Z,EBB,,,,142,539,UR722-41ec9a02.csv
01OCT26,UGD322,EBB,2149,2026-10-01 18:49:59Z,2315,2026-10-01 20:15:40Z,DAR,,,Y,86,319,UR322-41ed31fe.csv
01OCT26,UGD208,EBB,2215,2026-10-01 19:15:48Z,2307,2026-10-01 20:07:27Z,NBO,,,,52,232,UR208-41ed489c.csv
01OCT26,UGD712,EBB,2247,2026-10-01 19:47:53Z,0137,2026-10-01 23:37:50Z,JNB,Y,,,230,592,UR712-41ed6366.csv
01OCT26,UGD902,EBB,2308,2026-10-01 20:08:13Z,0116,2026-10-02 00:16:45Z,LOS,Y,,,249,684,UR902-41ed6a1d.csv
02OCT26,UGD209,NBO,0018,2026-10-01 21:18:27Z,0110,2026-10-01 22:10:15Z,EBB,,,,52,275,UR209-41eda850.csv
02OCT26,UGD323,DAR,0024,2026-10-01 21:24:45Z,0154,2026-10-01 22:54:39Z,EBB,,,,90,295,UR323-41edadd6.csv
02OCT26,UGD713,JNB,0255,2026-10-02 00:55:22Z,0739,2026-10-02 04:39:02Z,EBB,,,,224,657,UR713-41ee3c28.csv
02OCT26,UGD903,LOS,0224,2026-10-02 01:24:59Z,0845,2026-10-02 05:45:10Z,EBB,,,,260,786,UR903-41ee4d89.csv
02OCT26,UGD520,EBB,0521,2026-10-02 02:21:19Z,0724,2026-10-02 04:24:07Z,MGQ,,,,123,525,UR520-41ee744d.csv
02OCT26,UGD200,EBB,0752,2026-10-02 04:52:55Z,0841,2026-10-02 05:41:05Z,NBO,,,,48,196,UR200-41eec497.csv
02OCT26,UGD521,MGQ,0841,2026-10-02 05:41:36Z,1044,2026-10-02 07:44:39Z,EBB,,,,123,465,UR521-41eedcb8.csv
02OCT26,UGD334,EBB,0925,2026-10-02 06:25:47Z,1050,2026-10-02 07:50:56Z,ZNZ,,,,85,366,UR334-41eef417.csv
02OCT26,UGD201,NBO,1007,2026-10-02 07:07:36Z,1100,2026-10-02 08:00:09Z,EBB,,,,53,263,UR201-41ef0b96.csv
02OCT26,UGD710,EBB,1014,2026-10-02 07:14:05Z,1310,2026-10-02 11:10:23Z,JNB,,,,236,756,UR710-41ef0b53.csv
02OCT26,UGD110,EBB,1112,2026-10-02 08:12:08Z,1736,2026-10-02 16:36:10Z,LGW,,,,504,919,UR110-41ef26c4.csv
02OCT26,UGD334,ZNZ,1149,2026-10-02 08:49:15Z,1230,2026-10-02 09:30:48Z,JRO,,,,42,230,UR334-41ef47c6.csv
02OCT26,UGD334,JRO,1343,2026-10-02 10:43:42Z,1441,2026-10-02 11:41:02Z,EBB,,,,57,223,UR334-41ef90fb.csv
02OCT26,UGD120,EBB,1414,2026-10-02 11:14:18Z,1411,2026-10-02 12:11:57Z,JUB,,,,58,336,UR120-41efa5e5.csv
02OCT26,UGD711,JNB,1508,2026-10-02 13:08:52Z,2007,2026-10-02 17:07:26Z,EBB,,,,239,760,UR711-41efff0b.csv
02OCT26,UGD121,JUB,1527,2026-10-02 13:27:58Z,1717,2026-10-02 14:17:20Z,EBB,,,,49,295,UR121-41f010d9.csv
02OCT26,UGD360,EBB,1634,2026-10-02 13:34:40Z,1623,2026-10-02 14:23:52Z,BJM,,,,49,311,UR360-41f022d8.csv
02OCT26,UGD206,EBB,1752,2026-10-02 14:52:32Z,1843,2026-10-02 15:43:28Z,NBO,,,,51,239,UR206-41f07068.csv
02OCT26,UGD361,BJM,1713,2026-10-02 15:13:39Z,1908,2026-10-02 16:08:53Z,EBB,,,,55,364,UR361-41f08564.csv
02OCT26,UGD342,EBB,1856,2026-10-02 15:56:44Z,2016,2026-10-02 17:16:51Z,MBA,,,,80,347,UR342-41f0b124.csv
02OCT26,UGD207,NBO,2003,2026-10-02 17:03:50Z,2057,2026-10-02 17:57:15Z,EBB,,,,53,287,UR207-41f0f239.csv
02OCT26,UGD720,EBB,2105,2026-10-02 18:05:23Z,2229,2026-10-02 20:29:10Z,LUN,,,,144,272,UR720-41f12728.csv
02OCT26,UGD343,MBA,2132,2026-10-02 18:32:20Z,2254,2026-10-02 19:54:05Z,EBB,,,,82,323,UR343-41f13e2a.csv
02OCT26,UGD322,EBB,2203,2026-10-02 19:03:02Z,2332,2026-10-02 20:32:16Z,DAR,,,Y,89,301,UR322-41f157c4.csv
02OCT26,UGD111,LGW,2005,2026-10-02 19:05:58Z,0602,2026-10-03 03:02:42Z,EBB,Y,,,477,688,UR111-41f14933.csv
02OCT26,UGD902,EBB,2207,2026-10-02 19:07:53Z,0021,2026-10-02 23:21:49Z,LOS,Y,,,254,674,UR902-41f153aa.csv
02OCT26,UGD720,LUN,2325,2026-10-02 21:25:55Z,0007,2026-10-02 22:07:28Z,HRE,Y,,,42,166,UR720-41f1ca5d.csv
03OCT26,UGD323,DAR,0041,2026-10-02 21:41:03Z,0209,2026-10-02 23:09:27Z,EBB,,Y,,88,277,UR323-41f1d57c.csv
03OCT26,UGD720,HRE,0106,2026-10-02 23:06:21Z,0443,2026-10-03 01:43:50Z,EBB,,Y,,157,321,UR720-41f21296.csv
03OCT26,UGD903,LOS,0141,2026-10-03 00:41:29Z,0803,2026-10-03 05:03:17Z,EBB,,,,262,727,UR903-41f2472f.csv
03OCT26,UGD520,EBB,0450,2026-10-03 01:50:20Z,0654,2026-10-03 03:54:04Z,MGQ,,,,124,472,UR520-41f27345.csv
03OCT26,UGD200,EBB,0806,2026-10-03 05:06:20Z,0857,2026-10-03 05:57:34Z,NBO,,,,51,224,UR200-41f2d460.csv
03OCT26,UGD521,MGQ,0813,2026-10-03 05:13:35Z,1017,2026-10-03 07:17:10Z,EBB,,,,124,404,UR521-41f2d80f.csv
03OCT26,UGD710,EBB,0938,2026-10-03 06:38:59Z,1238,2026-10-03 10:38:12Z,JNB,,,,239,801,UR710-41f2f8e9.csv
03OCT26,UGD201,NBO,1030,2026-10-03 07:30:34Z,1121,2026-10-03 08:21:08Z,EBB,,,,51,288,UR201-41f31849.csv
03OCT26,UGD722,EBB,1301,2026-10-03 10:01:16Z,1443,2026-10-03 12:43:33Z,HRE,,,,162,350,UR722-41f372ac.csv
03OCT26,UGD120,EBB,1306,2026-10-03 10:06:29Z,1304,2026-10-03 11:04:25Z,JUB,,,,58,358,UR120-41f37392.csv
03OCT26,UGD430,EBB,1403,2026-10-03 11:03:52Z,2250,2026-10-03 17:20:28Z,BOM,,,,377,595,UR430-41f390ca.csv
03OCT26,UGD711,JNB,1347,2026-10-03 11:47:40Z,1846,2026-10-03 15:46:10Z,EBB,,,,238,760,UR711-41f3b7a9.csv
03OCT26,UGD121,JUB,1403,2026-10-03 12:03:51Z,1553,2026-10-03 12:53:06Z,EBB,,,,49,290,UR121-41f3c84a.csv
03OCT26,UGD722,LUN,1746,2026-10-03 15:46:44Z,2113,2026-10-03 18:13:43Z,EBB,,,,147,321,UR722-41f49a4e.csv
03OCT26,UGD720,EBB,2103,2026-10-03 18:03:13Z,2225,2026-10-03 20:25:33Z,LUN,,,,142,464,UR720-41f4ffee.csv
03OCT26,UGD322,EBB,2134,2026-10-03 18:34:58Z,2305,2026-10-03 20:05:08Z,DAR,,,Y,90,295,UR322-41f51dda.csv
03OCT26,UGD208,EBB,2148,2026-10-03 18:48:20Z,2238,2026-10-03 19:38:05Z,NBO,,,,50,228,UR208-41f5271f.csv
04OCT26,UGD431,BOM,0123,2026-10-03 19:53:36Z,0447,2026-10-04 01:47:56Z,EBB,,,,354,541,UR431-41f54494.csv
04OCT26,UGD209,NBO,0000,2026-10-03 21:00:44Z,0051,2026-10-03 21:51:39Z,EBB,,,,51,235,UR209-41f57df7.csv
04OCT26,UGD323,DAR,0019,2026-10-03 21:19:02Z,0150,2026-10-03 22:50:09Z,EBB,,,,91,323,UR323-41f58967.csv
04OCT26,UGD720,HRE,0133,2026-10-03 23:33:42Z,0513,2026-10-04 02:13:39Z,EBB,,,,160,373,UR720-41f5d231.csv
04OCT26,UGD520,EBB,0503,2026-10-04 02:03:48Z,0707,2026-10-04 04:07:44Z,MGQ,,,,124,443,UR520-41f6251e.csv
04OCT26,UGD200,EBB,0813,2026-10-04 05:13:08Z,0902,2026-10-04 06:02:53Z,NBO,,,,50,244,UR200-41f679e6.csv
04OCT26,UGD521,MGQ,0838,2026-10-04 05:38:07Z,1043,2026-10-04 07:43:59Z,EBB,,,,126,495,UR521-41f6842b.csv
04OCT26,UGD900,EBB,1007,2026-10-04 07:07:55Z,1219,2026-10-04 11:19:40Z,LOS,,,,252,624,UR900-41f6ab02.csv
04OCT26,UGD201,NBO,1025,2026-10-04 07:25:47Z,1118,2026-10-04 08:18:19Z,EBB,,,,53,294,UR201-41f6b7db.csv
04OCT26,UGD110,EBB,1031,2026-10-04 07:31:34Z,1649,2026-10-04 15:49:28Z,LGW,,,,498,905,UR110-41f6b268.csv
04OCT26,UGD334,EBB,1213,2026-10-04 09:13:48Z,1340,2026-10-04 10:40:27Z,ZNZ,,,,87,349,UR334-41f6f2e4.csv
04OCT26,UGD120,EBB,1245,2026-10-04 09:45:26Z,1240,2026-10-04 10:40:04Z,JUB,,,,55,354,UR120-41f706c9.csv
04OCT26,UGD121,JUB,1356,2026-10-04 11:56:39Z,1547,2026-10-04 12:47:54Z,EBB,,,,51,320,UR121-41f760f0.csv
04OCT26,UGD901,LOS,1359,2026-10-04 12:59:27Z,2019,2026-10-04 17:19:44Z,EBB,,,,260,768,UR901-41f75995.csv
04OCT26,UGD334,ZNZ,1639,2026-10-04 13:39:40Z,1721,2026-10-04 14:21:56Z,JRO,,,,42,254,UR334-41f7b81f.csv
04OCT26,UGD320,EBB,1657,2026-10-04 13:57:46Z,1829,2026-10-04 15:29:08Z,DAR,,,Y,91,352,UR320-41f7c66c.csv
04OCT26,UGD334,JRO,1823,2026-10-04 15:23:05Z,1923,2026-10-04 16:23:46Z,EBB,,,,61,248,UR334-41f8146a.csv
04OCT26,UGD321,DAR,1944,2026-10-04 16:44:19Z,2117,2026-10-04 18:17:27Z,EBB,,,,93,379,UR321-41f85400.csv
04OCT26,UGD206,EBB,2041,2026-10-04 17:41:11Z,2133,2026-10-04 18:33:39Z,NBO,,,,52,230,UR206-41f881dd.csv
04OCT26,UGD360,EBB,2221,2026-10-04 19:21:10Z,2206,2026-10-04 20:06:41Z,BJM,,,,46,232,UR360-41f8ca4d.csv
04OCT26,UGD712,EBB,2256,2026-10-04 19:56:25Z,0145,2026-10-04 23:45:32Z,JNB,Y,,,229,642,UR712-41f8dcef.csv
05OCT26,UGD720,LUN,0343,2026-10-05 01:43:03Z,0421,2026-10-05 02:21:25Z,HRE,,,,38,181,UR720-41f9b86b.csv
