file,flight,callsign,fixes,first_utc,last_utc,duration_min,bytes
3e02c7e0.csv,,,201,2026-01-22 08:15:26Z,2026-01-22 08:59:20Z,43.9,13511
ET332-3f77789d.csv,ET332,ETH332,576,2026-04-30 06:28:15Z,2026-04-30 08:44:32Z,136.3,41750
ET338-3ecd284b.csv,ET338,ETH338,511,2026-03-18 19:49:19Z,2026-03-18 21:58:44Z,129.4,37126
ET339-3ecddea6.csv,ET339,ETH339,267,2026-03-18 23:25:58Z,2026-03-19 01:27:29Z,121.5,19184
ET3810-3ec097b8.csv,ET3810,ETH3810,380,2026-03-15 12:03:00Z,2026-03-15 13:15:08Z,72.1,27956
ET3810-3ec0fc36.csv,ET3810,ETH3810,339,2026-03-15 14:20:15Z,2026-03-15 16:54:22Z,154.1,24245
ET3859-3e9f09ed.csv,ET3859,ETH3859,404,2026-03-06 10:01:22Z,2026-03-06 11:46:10Z,104.8,30139
ET3859-3ec9f7fb.csv,ET3859,ETH3859,281,2026-03-18 01:38:50Z,2026-03-18 03:35:19Z,116.5,20682
ET3873-3ec3eb91.csv,ET3873,ETH3873,793,2026-03-16 12:07:53Z,2026-03-16 16:02:20Z,234.4,59772
ET3917-3eb743d6.csv,ET3917,ETH3917,694,2026-03-12 21:02:06Z,2026-03-13 02:14:15Z,312.1,51173
ET3926-3ebcaed9.csv,ET3926,ETH3926,681,2026-03-14 08:47:26Z,2026-03-14 13:48:06Z,300.7,50272
ET506-3f0b062c.csv,ET506,ETH506,876,2026-04-03 10:07:52Z,2026-04-03 20:53:11Z,645.3,65262
ET8337-3ed1d0e7.csv,ET8337,ETH8337,353,2026-03-19 21:01:47Z,2026-03-20 00:56:17Z,234.5,26192
FZ619-3ec67047.csv,FZ619,FDB619,1013,2026-03-17 04:57:09Z,2026-03-17 10:16:24Z,319.2,75003
KL535-3ecd098e.csv,KL535,KLM535,292,2026-03-18 19:16:37Z,2026-03-18 20:13:52Z,57.2,21049
KL535-3ecd7db1.csv,KL535,KLM536,371,2026-03-18 21:25:01Z,2026-03-19 03:47:44Z,382.7,27072
KL537-3ec578c8.csv,KL537,KLM538,1041,2026-03-16 21:38:24Z,2026-03-17 06:52:22Z,554.0,75092
KQ418-3ed1f7be.csv,KQ418,KQA418,411,2026-03-19 21:47:26Z,2026-03-19 22:57:28Z,70.0,29744
MS835-3edad4c7.csv,MS835,MSR835,303,2026-03-22 02:39:39Z,2026-03-22 03:35:59Z,56.3,21683
MS835-3edb02b3.csv,MS835,MSR835,640,2026-03-22 04:29:08Z,2026-03-22 09:49:31Z,320.4,46731
QR1383-3dfee37a.csv,QR1383,QTR69R,737,2026-01-21 06:53:15Z,2026-01-21 12:24:20Z,331.1,53893
QR1383-3ecfb4b4.csv,QR1383,QTR69R,627,2026-03-19 12:12:08Z,2026-03-19 18:00:15Z,348.1,45769
QR1383-3ed815f2.csv,QR1383,QTR69R,770,2026-03-21 11:30:58Z,2026-03-21 17:26:36Z,355.6,56149
QR1384-3dfffdf3.csv,QR1384,QTR1P,911,2026-01-21 14:34:46Z,2026-01-21 19:44:10Z,309.4,65422
QR1384-3ed25aaf.csv,QR1384,QTR1P,531,2026-03-19 23:48:50Z,2026-03-20 04:23:21Z,274.5,38134
QR1384-3eda717b.csv,QR1384,QTR1P,742,2026-03-21 23:34:41Z,2026-03-22 04:38:24Z,303.7,53749
SN455-3ecd0bc9.csv,SN455,BEL4BE,448,2026-03-18 19:19:00Z,2026-03-18 21:46:05Z,147.1,32234
SN455-3ecd8fa5.csv,SN455,BEL4BE,292,2026-03-18 21:46:09Z,2026-03-19 03:48:44Z,362.6,21597
SN465-3ed1e1ee.csv,SN465,BEL4KE,802,2026-03-19 21:21:40Z,2026-03-20 06:13:38Z,532.0,58495
SN467-3ec55b8a.csv,SN467,BEL1NA,742,2026-03-16 20:51:52Z,2026-03-17 05:44:45Z,532.9,54088
TK612-3ed2843b.csv,TK612,THY50K,826,2026-03-20 00:48:16Z,2026-03-20 01:59:49Z,71.5,59670
TK612-3ed30163.csv,TK612,THY50K,967,2026-03-20 04:31:21Z,2026-03-20 11:45:14Z,433.9,70296
TK612-3eda9cd6.csv,TK612,THY50K,287,2026-03-22 00:49:58Z,2026-03-22 02:09:53Z,79.9,20676
TK612-3edad833.csv,TK612,THY50K,1307,2026-03-22 02:47:06Z,2026-03-22 10:49:41Z,482.6,96004
UR110-3b71c98a.csv,UR110,UGD110,869,2025-07-27 07:24:52Z,2025-07-27 16:04:37Z,519.8,63193
UR110-3ea5b691.csv,UR110,UGD110,877,2026-03-08 08:30:03Z,2026-03-08 16:52:58Z,502.9,63986
UR110-3ed2932d.csv,UR110,UGD110,1065,2026-03-20 01:10:27Z,2026-03-20 10:24:08Z,553.7,77603
UR110-416c0a6a.csv,UR110,UGD110,1044,2026-08-30 07:37:46Z,2026-08-30 16:12:52Z,515.1,75817
UR110-4173c002.csv,UR110,UGD110,935,2026-09-01 07:36:11Z,2026-09-01 16:01:29Z,505.3,67755
UR110-4180268d.csv,UR110,UGD110,896,2026-09-04 08:28:18Z,2026-09-04 17:05:52Z,517.6,64861
UR110-4187ba0c.csv,UR110,UGD110,1122,2026-09-06 07:50:09Z,2026-09-06 16:21:30Z,511.4,81407
UR110-418f4fdd.csv,UR110,UGD110,934,2026-09-08 07:47:55Z,2026-09-08 16:23:40Z,515.8,68013
UR111-3b73a528.csv,UR111,UGD111,752,2025-07-27 18:26:25Z,2025-07-28 03:56:07Z,569.7,55017
UR111-3ea75e7b.csv,UR111,UGD111,812,2026-03-08 18:30:58Z,2026-03-09 02:46:22Z,495.4,58794
UR111-3edd2cdf.csv,UR111,UGD111,898,2026-03-22 18:09:33Z,2026-03-23 02:45:42Z,516.1,65107
UR111-4175ff27.csv,UR111,UGD111,687,2026-09-01 19:11:04Z,2026-09-02 03:39:52Z,508.8,49927
UR111-41824e5d.csv,UR111,UGD111,637,2026-09-04 19:10:10Z,2026-09-05 03:45:25Z,515.2,46316
UR111-4189ad1c.csv,UR111,UGD111,665,2026-09-06 18:35:11Z,2026-09-07 03:36:37Z,541.4,48191
UR111-4191c96b.csv,UR111,UGD111,697,2026-09-08 20:41:33Z,2026-09-09 05:15:20Z,513.8,50396
UR120-3e88d1ac.csv,UR120,UGD120,290,2026-02-28 12:38:36Z,2026-02-28 13:35:03Z,56.5,21179
UR120-416d1703.csv,UR120,UGD120,284,2026-08-30 14:00:02Z,2026-08-30 14:58:24Z,58.4,20773
UR120-41780ef3.csv,UR120,UGD120,310,2026-09-02 09:10:26Z,2026-09-02 10:12:45Z,62.3,22636
UR120-417c6db7.csv,UR120,UGD120,463,2026-09-03 10:55:29Z,2026-09-03 11:57:50Z,62.4,33696
UR120-4180920f.csv,UR120,UGD120,375,2026-09-04 11:12:42Z,2026-09-04 12:12:29Z,59.8,27406
UR120-41847582.csv,UR120,UGD120,312,2026-09-05 10:21:08Z,2026-09-05 11:21:11Z,60.0,22724
UR120-41883fc1.csv,UR120,UGD120,289,2026-09-06 11:12:19Z,2026-09-06 12:09:51Z,57.5,20991
UR120-418fbf90.csv,UR120,UGD120,290,2026-09-08 10:51:30Z,2026-09-08 11:47:21Z,55.9,21234
UR121-41785f0d.csv,UR121,UGD121,308,2026-09-02 11:09:06Z,2026-09-02 12:04:24Z,55.3,22415
UR121-417cddad.csv,UR121,UGD121,242,2026-09-03 13:03:20Z,2026-09-03 13:57:15Z,53.9,17589
UR121-4180fd53.csv,UR121,UGD121,210,2026-09-04 13:12:38Z,2026-09-04 14:05:30Z,52.9,15309
UR121-4184d091.csv,UR121,UGD121,293,2026-09-05 12:21:35Z,2026-09-05 13:17:19Z,55.7,21346
UR121-4188a506.csv,UR121,UGD121,303,2026-09-06 13:17:51Z,2026-09-06 14:16:19Z,58.5,22090
UR121-41902eb3.csv,UR121,UGD121,228,2026-09-08 13:00:50Z,2026-09-08 13:55:04Z,54.2,16603
UR122-417764c7.csv,UR122,UGD122,320,2026-09-02 04:16:35Z,2026-09-02 05:13:41Z,57.1,23276
UR122-418ae9b7.csv,UR122,UGD122,267,2026-09-07 04:02:26Z,2026-09-07 04:57:52Z,55.4,19514
UR122-4192dcb1.csv,UR122,UGD122,267,2026-09-09 03:53:20Z,2026-09-09 04:53:41Z,60.4,19367
UR123-4177ab0d.csv,UR123,UGD123,283,2026-09-02 06:26:16Z,2026-09-02 07:25:18Z,59.0,20616
UR123-418b318e.csv,UR123,UGD123,212,2026-09-07 06:20:12Z,2026-09-07 07:15:54Z,55.7,15437
UR123-41931d98.csv,UR123,UGD123,215,2026-09-09 05:55:06Z,2026-09-09 06:50:37Z,55.5,15657
UR200-416bb51f.csv,UR200,UGD200,357,2026-08-30 04:47:14Z,2026-08-30 05:50:16Z,63.0,26409
UR200-417784a4.csv,UR200,UGD200,268,2026-09-02 05:15:11Z,2026-09-02 06:13:50Z,58.6,19800
UR200-417b918b.csv,UR200,UGD200,262,2026-09-03 04:55:25Z,2026-09-03 05:51:32Z,56.1,19278
UR200-417fae7e.csv,UR200,UGD200,203,2026-09-04 04:56:31Z,2026-09-04 05:46:48Z,50.3,14859
UR200-4183c10c.csv,UR200,UGD200,277,2026-09-05 05:01:58Z,2026-09-05 05:59:59Z,58.0,20256
UR200-41876032.csv,UR200,UGD200,228,2026-09-06 04:52:03Z,2026-09-06 05:44:48Z,52.8,16759
UR200-418b059c.csv,UR200,UGD200,243,2026-09-07 04:56:13Z,2026-09-07 05:50:19Z,54.1,17737
UR200-418ef7ea.csv,UR200,UGD200,255,2026-09-08 05:07:30Z,2026-09-08 06:02:02Z,54.5,18689
UR200-4192fdbd.csv,UR200,UGD200,205,2026-09-09 04:54:59Z,2026-09-09 05:47:41Z,52.7,15106
UR201-4177c828.csv,UR201,UGD201,293,2026-09-02 07:16:32Z,2026-09-02 08:12:11Z,55.6,21462
UR201-417bd90e.csv,UR201,UGD201,255,2026-09-03 07:02:50Z,2026-09-03 07:57:49Z,55.0,18755
UR201-417ff073.csv,UR201,UGD201,262,2026-09-04 06:56:16Z,2026-09-04 07:52:03Z,55.8,19199
UR201-41840565.csv,UR201,UGD201,266,2026-09-05 07:19:26Z,2026-09-05 08:14:26Z,55.0,19494
UR201-41879c5d.csv,UR201,UGD201,256,2026-09-06 06:57:17Z,2026-09-06 07:50:02Z,52.8,18826
UR201-418b4b5b.csv,UR201,UGD201,283,2026-09-07 07:06:22Z,2026-09-07 07:59:03Z,52.7,20749
UR201-418f35c8.csv,UR201,UGD201,267,2026-09-08 07:01:23Z,2026-09-08 07:55:05Z,53.7,19561
UR201-41933e05.csv,UR201,UGD201,270,2026-09-09 06:55:50Z,2026-09-09 07:48:04Z,52.2,19774
UR203-3b751c2a.csv,UR203,UGD111X,356,2025-07-28 04:57:12Z,2025-07-28 06:03:19Z,66.1,26030
UR206-4171f72c.csv,UR206,UGD206,544,2026-08-31 19:16:09Z,2026-08-31 20:31:41Z,75.5,39712
UR206-41752255.csv,UR206,UGD206,365,2026-09-01 14:59:04Z,2026-09-01 16:18:04Z,79.0,26387
UR206-418165b0.csv,UR206,UGD206,212,2026-09-04 14:55:25Z,2026-09-04 15:48:18Z,52.9,15502
UR206-4188ec01.csv,UR206,UGD206,296,2026-09-06 14:37:01Z,2026-09-06 15:32:47Z,55.8,21605
UR206-418c9428.csv,UR206,UGD206,354,2026-09-07 14:35:22Z,2026-09-07 15:35:05Z,59.7,25901
UR206-419089a6.csv,UR206,UGD206,352,2026-09-08 14:32:32Z,2026-09-08 15:29:43Z,57.2,26125
UR207-4173413d.csv,UR207,UGD207D,401,2026-09-01 03:43:55Z,2026-09-01 04:57:32Z,73.6,29232
UR207-4175b03e.csv,UR207,UGD207,384,2026-09-01 17:32:37Z,2026-09-01 19:05:55Z,93.3,27687
UR207-4181d8cb.csv,UR207,UGD207,249,2026-09-04 16:55:03Z,2026-09-04 17:50:22Z,55.3,18331
UR207-41896043.csv,UR207,UGD207,273,2026-09-06 16:51:09Z,2026-09-06 17:46:08Z,55.0,20004
UR207-418d1ff2.csv,UR207,UGD207,271,2026-09-07 17:04:51Z,2026-09-07 18:01:31Z,56.7,19856
UR207-419103e8.csv,UR207,UGD207,273,2026-09-08 16:42:14Z,2026-09-08 17:35:55Z,53.7,20007
UR208-3e8ba951.csv,UR208,UGD208,339,2026-03-01 06:51:01Z,2026-03-01 08:01:07Z,70.1,24520
UR208-417a1e38.csv,UR208,UGD208,215,2026-09-02 19:17:27Z,2026-09-02 20:12:44Z,55.3,15698
UR208-417e2cfc.csv,UR208,UGD208,230,2026-09-03 19:08:10Z,2026-09-03 20:02:15Z,54.1,16771
UR208-41862a43.csv,UR208,UGD208,203,2026-09-05 19:02:35Z,2026-09-05 19:59:46Z,57.2,14811
UR208-4189c9e6.csv,UR208,UGD208,220,2026-09-06 19:17:17Z,2026-09-06 20:13:00Z,55.7,16051
UR208-418d864b.csv,UR208,UGD208,255,2026-09-07 19:09:26Z,2026-09-07 20:04:42Z,55.3,18588
UR208-419596f7.csv,UR208,UGD208,215,2026-09-09 19:07:54Z,2026-09-09 20:01:32Z,53.6,15729
UR209-3e8bda7f.csv,UR209,UGD209,377,2026-03-01 08:45:21Z,2026-03-01 09:57:23Z,72.0,27261
UR209-416ac5e5.csv,UR209,UGD209,312,2026-08-29 21:13:36Z,2026-08-29 22:08:18Z,54.7,22956
UR209-417a83ba.csv,UR209,UGD209,263,2026-09-02 21:33:19Z,2026-09-02 22:28:38Z,55.3,19271
UR209-417e92a9.csv,UR209,UGD209,257,2026-09-03 21:20:37Z,2026-09-03 22:17:27Z,56.8,18896
UR209-41868450.csv,UR209,UGD209,237,2026-09-05 21:28:03Z,2026-09-05 22:20:52Z,52.8,17435
UR209-418a175e.csv,UR209,UGD209,232,2026-09-06 21:22:49Z,2026-09-06 22:15:42Z,52.9,17018
UR209-418de625.csv,UR209,UGD209,258,2026-09-07 21:20:24Z,2026-09-07 22:14:22Z,54.0,18959
UR320-416c35db.csv,UR320,UGD320,305,2026-08-30 08:51:39Z,2026-08-30 10:25:36Z,94.0,22572
UR320-4173e8c5.csv,UR320,UGD320,310,2026-09-01 08:45:12Z,2026-09-01 10:21:20Z,96.1,22981
UR320-4187e58c.csv,UR320,UGD320,358,2026-09-06 08:58:27Z,2026-09-06 10:34:08Z,95.7,26424
UR320-418b7e9a.csv,UR320,UGD320,377,2026-09-07 08:36:15Z,2026-09-07 10:13:29Z,97.2,27935
UR320-418f6b4e.csv,UR320,UGD320,296,2026-09-08 08:35:08Z,2026-09-08 10:08:06Z,93.0,21940
UR321-4174518e.csv,UR321,UGD321,395,2026-09-01 11:20:47Z,2026-09-01 12:57:07Z,96.3,29173
UR321-418856b0.csv,UR321,UGD321,304,2026-09-06 11:44:15Z,2026-09-06 13:20:26Z,96.2,22431
UR321-418be466.csv,UR321,UGD321,313,2026-09-07 11:16:54Z,2026-09-07 12:47:32Z,90.6,23103
UR321-418fd0ec.csv,UR321,UGD321,312,2026-09-08 11:14:31Z,2026-09-08 12:46:11Z,91.7,23021
UR322-3ec4a809.csv,UR322,UGD322,292,2026-03-16 16:24:39Z,2026-03-16 17:57:49Z,93.2,21638
UR322-4171ad14.csv,UR322,UGD322,323,2026-08-31 17:45:17Z,2026-08-31 19:19:17Z,94.0,23746
UR322-417a1000.csv,UR322,UGD322,302,2026-09-02 18:58:45Z,2026-09-02 20:31:15Z,92.5,22356
UR322-417e1d45.csv,UR322,UGD322,325,2026-09-03 18:48:30Z,2026-09-03 20:28:04Z,99.6,24081
UR322-4182471c.csv,UR322,UGD322,347,2026-09-04 19:01:14Z,2026-09-04 20:32:51Z,91.6,25515
UR322-41863182.csv,UR322,UGD322,308,2026-09-05 19:13:45Z,2026-09-05 20:52:30Z,98.8,22772
UR322-418d59e8.csv,UR322,UGD322,299,2026-09-07 18:13:33Z,2026-09-07 19:49:14Z,95.7,22078
UR322-419590c7.csv,UR322,UGD322,319,2026-09-09 19:00:09Z,2026-09-09 20:34:38Z,94.5,23522
UR323-3ec5167e.csv,UR323,UGD323,320,2026-03-16 19:07:15Z,2026-03-16 20:39:16Z,92.0,23619
UR323-416ad499.csv,UR323,UGD323,409,2026-08-29 21:38:05Z,2026-08-29 23:21:31Z,103.4,29978
UR323-41723327.csv,UR323,UGD323,281,2026-08-31 20:33:14Z,2026-08-31 22:03:08Z,89.9,20738
UR323-417a85db.csv,UR323,UGD323,348,2026-09-02 21:36:40Z,2026-09-02 23:09:38Z,93.0,25618
UR323-417e9f66.csv,UR323,UGD323,309,2026-09-03 21:38:36Z,2026-09-03 23:14:27Z,95.8,22821
UR323-4182b881.csv,UR323,UGD323,302,2026-09-04 21:27:28Z,2026-09-04 23:01:14Z,93.8,22341
UR323-4186910e.csv,UR323,UGD323,470,2026-09-05 21:51:21Z,2026-09-05 23:31:40Z,100.3,34803
UR323-418dcd51.csv,UR323,UGD323,344,2026-09-07 20:44:42Z,2026-09-07 22:17:33Z,92.8,25431
UR334-3a30a389.csv,UR334,UGD334,485,2025-05-04 21:23:53Z,2025-05-04 23:19:39Z,115.8,35583
UR334-3ec05be8.csv,UR334,UGD334,308,2026-03-15 10:26:57Z,2026-03-15 11:30:25Z,63.5,22715
UR334-3ec09e01.csv,UR334,UGD334,197,2026-03-15 12:12:00Z,2026-03-15 12:57:10Z,45.2,14487
UR334-3ec0deda.csv,UR334,UGD334,315,2026-03-15 13:42:38Z,2026-03-15 15:11:43Z,89.1,23206
UR334-416be142.csv,UR334,UGD334,411,2026-08-30 06:18:16Z,2026-08-30 07:47:54Z,89.6,30308
UR334-417819cd.csv,UR334,UGD334,358,2026-09-02 09:27:59Z,2026-09-02 11:08:41Z,100.7,26348
UR334-4178f107.csv,UR334,UGD334,266,2026-09-02 13:46:37Z,2026-09-02 14:50:54Z,64.3,19535
UR334-417fd52c.csv,UR334,UGD334,331,2026-09-04 06:07:19Z,2026-09-04 07:38:29Z,91.2,24432
UR334-4180775f.csv,UR334,UGD334,320,2026-09-04 10:36:32Z,2026-09-04 11:42:27Z,65.9,23545
UR334-418787fa.csv,UR334,UGD334,337,2026-09-06 06:15:35Z,2026-09-06 07:49:24Z,93.8,24757
UR334-418827d6.csv,UR334,UGD334,266,2026-09-06 10:38:45Z,2026-09-06 11:41:18Z,62.5,19530
UR334-419390cb.csv,UR334,UGD334,335,2026-09-09 09:17:10Z,2026-09-09 10:48:38Z,91.5,24716
UR342-3e969330.csv,UR342,UGD342,354,2026-03-04 04:17:00Z,2026-03-04 05:38:41Z,81.7,26113
UR342-3eca79a8.csv,UR342,UGD342,321,2026-03-18 05:55:30Z,2026-03-18 07:30:41Z,95.2,23672
UR342-3ed348d7.csv,UR342,UGD342,325,2026-03-20 06:59:12Z,2026-03-20 08:23:42Z,84.5,23985
UR342-3edb366c.csv,UR342,UGD342,361,2026-03-22 06:28:59Z,2026-03-22 07:58:38Z,89.7,26533
UR342-4179a966.csv,UR342,UGD342,301,2026-09-02 16:56:45Z,2026-09-02 18:24:01Z,87.3,22185
UR342-41819339.csv,UR342,UG342,378,2026-09-04 15:41:24Z,2026-09-04 17:09:32Z,88.1,27427
UR342-418926f5.csv,UR342,UGD342,352,2026-09-06 15:42:59Z,2026-09-06 17:11:53Z,88.9,25930
UR342-419512c9.csv,UR342,UGD342,345,2026-09-09 16:35:17Z,2026-09-09 18:04:40Z,89.4,25337
UR343-3e96d20e.csv,UR343,UGD343,349,2026-03-04 06:32:02Z,2026-03-04 07:55:41Z,83.7,25682
UR343-3ecad6e0.csv,UR343,UGD343,320,2026-03-18 08:52:06Z,2026-03-18 10:10:22Z,78.3,23490
UR343-3ed398fc.csv,UR343,UGD343,324,2026-03-20 09:20:48Z,2026-03-20 10:45:52Z,85.1,23832
UR343-3edb7c4b.csv,UR343,UGD343,320,2026-03-22 09:03:03Z,2026-03-22 10:25:33Z,82.5,23471
UR343-417a332c.csv,UR343,UGD343,305,2026-09-02 19:44:33Z,2026-09-02 21:06:00Z,81.5,22504
UR343-41821bed.csv,UR343,UG343,320,2026-09-04 18:10:06Z,2026-09-04 19:32:03Z,82.0,23208
UR343-4189a5fc.csv,UR343,UGD343,311,2026-09-06 18:25:04Z,2026-09-06 19:45:05Z,80.0,22852
UR360-3e8c665c.csv,UR360,UGD360,386,2026-03-01 12:53:20Z,2026-03-01 14:05:29Z,72.2,28230
UR360-416cfacb.csv,UR360,UGD360,305,2026-08-30 13:27:40Z,2026-08-30 14:22:57Z,55.3,22427
UR360-4174ea44.csv,UR360,UGD360,278,2026-09-01 14:03:01Z,2026-09-01 14:53:36Z,50.6,20529
UR360-4178e32f.csv,UR360,UGD360,363,2026-09-02 13:32:56Z,2026-09-02 14:32:53Z,60.0,26551
UR360-417cfd0a.csv,UR360,UGD360,451,2026-09-03 13:35:20Z,2026-09-03 14:37:47Z,62.5,33106
UR360-4181197a.csv,UR360,UGD360,283,2026-09-04 13:40:31Z,2026-09-04 14:34:52Z,54.4,20802
UR360-4188a946.csv,UR360,UGD360,249,2026-09-06 13:22:32Z,2026-09-06 14:18:01Z,55.5,18234
UR360-418c539f.csv,UR360,UGD360,356,2026-09-07 13:29:02Z,2026-09-07 14:26:16Z,57.2,26190
UR360-41903f50.csv,UR360,UGD360,310,2026-09-08 13:18:12Z,2026-09-08 14:12:22Z,54.2,22743
UR360-419461c3.csv,UR360,UGD360,381,2026-09-09 13:34:35Z,2026-09-09 14:34:48Z,60.2,27906
UR361-3e8cbae2.csv,UR361,UGD361,353,2026-03-01 14:50:08Z,2026-03-01 15:59:58Z,69.8,25442
UR361-415d1d5d.csv,UR361,UGD361,317,2026-08-26 14:55:12Z,2026-08-26 15:51:10Z,56.0,22947
UR361-41754361.csv,UR361,UGD361,290,2026-09-01 15:32:51Z,2026-09-01 16:27:46Z,54.9,21137
UR361-41794f1d.csv,UR361,UGD361,314,2026-09-02 15:20:49Z,2026-09-02 16:18:15Z,57.4,22824
UR361-417d6a6a.csv,UR361,UGD361,334,2026-09-03 15:26:25Z,2026-09-03 16:26:18Z,59.9,24199
UR361-41818775.csv,UR361,UGD361,252,2026-09-04 15:29:32Z,2026-09-04 16:21:01Z,51.5,18390
UR361-41891720.csv,UR361,UGD361,297,2026-09-06 15:25:26Z,2026-09-06 16:23:35Z,58.1,21600
UR361-418cb5d4.csv,UR361,UGD361,300,2026-09-07 15:09:58Z,2026-09-07 16:07:46Z,57.8,21831
UR361-4190ae3a.csv,UR361,UGD361,286,2026-09-08 15:10:12Z,2026-09-08 16:09:35Z,59.4,20795
UR430-3ea2c7fe.csv,UR430,UGD430,786,2026-03-07 10:29:51Z,2026-03-07 16:51:14Z,381.4,57648
UR430-4179f0a0.csv,UR430,UGD430,465,2026-09-02 18:20:18Z,2026-09-03 01:06:32Z,406.2,33826
UR430-41849343.csv,UR430,UGD430,514,2026-09-05 11:04:25Z,2026-09-05 17:46:48Z,402.4,37393
UR430-41956039.csv,UR430,UGD430,620,2026-09-09 18:02:31Z,2026-09-10 00:34:34Z,392.1,45236
UR431-3ea437f5.csv,UR431,UGD431,509,2026-03-07 19:36:40Z,2026-03-08 02:10:39Z,394.0,37220
UR431-416a8875.csv,UR431,UGD431,473,2026-08-29 19:38:18Z,2026-08-30 01:52:47Z,374.5,34263
UR431-417b497a.csv,UR431,UGD431,511,2026-09-03 02:39:25Z,2026-09-03 09:13:20Z,393.9,37068
UR431-41864480.csv,UR431,UGD431,401,2026-09-05 19:42:07Z,2026-09-06 01:56:07Z,374.0,29278
UR4400-3b3ebbea.csv,UR4400,UGD4400,489,2025-07-14 07:28:32Z,2025-07-14 11:31:26Z,242.9,36979
UR4400-3b3fe0cf.csv,UR4400,UGD4400,619,2025-07-14 14:07:09Z,2025-07-14 20:04:46Z,357.6,46311
UR444-3db989ea.csv,UR444,UGD444,850,2025-12-31 19:23:54Z,2026-01-01 01:10:07Z,346.2,62269
UR444-3e645a08.csv,UR444,UGD444,843,2026-02-18 19:18:02Z,2026-02-19 00:44:17Z,326.2,61584
UR445-3dba7a13.csv,UR445,UGD445,737,2026-01-01 03:31:11Z,2026-01-01 09:07:42Z,336.5,54905
UR445-3e658e86.csv,UR445,UGD445,794,2026-02-19 03:08:19Z,2026-02-19 08:52:09Z,343.8,58096
UR520-3ebbf9c8.csv,UR520,UGD520,336,2026-03-14 01:59:37Z,2026-03-14 04:09:20Z,129.7,24544
UR520-416b68d0.csv,UR520,UGD520,243,2026-08-30 02:02:08Z,2026-08-30 04:02:14Z,120.1,17843
UR520-41730ef2.csv,UR520,UGD520,215,2026-09-01 02:03:33Z,2026-09-01 03:50:14Z,106.7,15816
UR520-417f5329.csv,UR520,UGD520,210,2026-09-04 02:05:02Z,2026-09-04 03:50:11Z,105.2,15461
UR520-41836393.csv,UR520,UGD520,224,2026-09-05 01:51:32Z,2026-09-05 03:51:47Z,120.2,16401
UR520-41871519.csv,UR520,UGD520,242,2026-09-06 02:03:46Z,2026-09-06 04:04:03Z,120.3,17813
UR520-418e9139.csv,UR520,UGD520,388,2026-09-08 01:48:49Z,2026-09-08 03:59:39Z,130.8,28268
UR521-3ebc5e3d.csv,UR521,UGD521,425,2026-03-14 05:43:28Z,2026-03-14 07:51:20Z,127.9,31175
UR521-416bcc4a.csv,UR521,UGD521,266,2026-08-30 05:35:20Z,2026-08-30 07:44:26Z,129.1,19581
UR521-41738635.csv,UR521,UGD521,262,2026-09-01 05:53:24Z,2026-09-01 08:00:11Z,126.8,19281
UR521-417fcc42.csv,UR521,UGD521,235,2026-09-04 05:51:35Z,2026-09-04 07:57:45Z,126.2,17342
UR521-4183ce5c.csv,UR521,UGD521,252,2026-09-05 05:28:50Z,2026-09-05 07:32:28Z,123.6,18616
UR521-41877c32.csv,UR521,UGD521,235,2026-09-06 05:52:20Z,2026-09-06 08:03:19Z,131.0,17354
UR521-418f0818.csv,UR521,UGD521,397,2026-09-08 05:38:39Z,2026-09-08 07:40:13Z,121.6,29131
UR710-3eb879c2.csv,UR710,UGD710,664,2026-03-13 05:39:31Z,2026-03-13 09:39:48Z,240.3,48990
UR710-3ed31e6f.csv,UR710,UGD710,687,2026-03-20 05:32:29Z,2026-03-20 09:45:22Z,252.9,50916
UR710-3ed750e9.csv,UR710,UGD710,739,2026-03-21 05:25:23Z,2026-03-21 09:28:39Z,243.3,54867
UR710-4177b015.csv,UR710,UGD710,736,2026-09-02 06:35:03Z,2026-09-02 10:58:48Z,263.8,54574
UR710-41801c3b.csv,UR710,UGD710,866,2026-09-04 08:10:59Z,2026-09-04 12:51:41Z,280.7,64196
UR710-418421df.csv,UR710,UGD710,671,2026-09-05 08:08:54Z,2026-09-05 12:20:47Z,251.9,49644
UR710-418b3b93.csv,UR710,UGD710,614,2026-09-07 06:38:43Z,2026-09-07 10:36:19Z,237.6,45761
UR710-41932b0c.csv,UR710,UGD710,661,2026-09-09 06:20:51Z,2026-09-09 10:39:06Z,258.2,48916
UR711-3eb92a18.csv,UR711,UGD711,701,2026-03-13 10:51:10Z,2026-03-13 15:09:41Z,258.5,51474
UR711-3ed3d575.csv,UR711,UGD711,664,2026-03-20 10:48:37Z,2026-03-20 14:57:12Z,248.6,48842
UR711-3ed7f354.csv,UR711,UGD711,643,2026-03-21 10:43:31Z,2026-03-21 14:51:16Z,247.8,47333
UR711-41788bdf.csv,UR711,UGD711,753,2026-09-02 12:02:58Z,2026-09-02 16:33:49Z,270.9,55330
UR711-41813ab4.csv,UR711,UGD711,858,2026-09-04 14:12:43Z,2026-09-04 19:01:54Z,289.2,62888
UR711-41850d68.csv,UR711,UGD711,657,2026-09-05 13:28:34Z,2026-09-05 17:34:59Z,246.4,48110
UR711-418c0303.csv,UR711,UGD711,482,2026-09-07 11:57:47Z,2026-09-07 15:51:27Z,233.7,35583
UR712-41720cd5.csv,UR712,UGD712,608,2026-08-31 19:42:21Z,2026-08-31 23:42:01Z,239.7,45056
UR712-41762996.csv,UR712,UGD712,592,2026-09-01 20:05:19Z,2026-09-02 00:19:14Z,253.9,43840
UR712-4189d4c5.csv,UR712,UGD712,687,2026-09-06 19:33:47Z,2026-09-06 23:49:29Z,255.7,50852
UR712-418d9079.csv,UR712,UGD712,603,2026-09-07 19:22:25Z,2026-09-07 23:43:08Z,260.7,44777
UR712-41919bf4.csv,UR712,UGD712,670,2026-09-08 19:43:19Z,2026-09-09 00:15:00Z,271.7,49613
UR713-4172e265.csv,UR713,UGD713,638,2026-09-01 00:47:55Z,2026-09-01 04:48:38Z,240.7,46847
UR713-4176f826.csv,UR713,UGD713,675,2026-09-02 01:02:06Z,2026-09-02 05:26:44Z,264.6,49263
UR713-418a91c6.csv,UR713,UGD713,675,2026-09-07 00:58:01Z,2026-09-07 05:20:59Z,263.0,49398
UR713-418e69f9.csv,UR713,UGD713,615,2026-09-08 00:39:18Z,2026-09-08 04:54:27Z,255.2,45015
UR713-419282d5.csv,UR713,UGD713,688,2026-09-09 01:07:17Z,2026-09-09 05:21:54Z,254.6,50519
UR720-416b1937.csv,UR720,UGD720,522,2026-08-29 23:32:29Z,2026-08-30 02:35:32Z,183.1,38128
UR720-416deb14.csv,UR720,UGD720,336,2026-08-30 18:10:27Z,2026-08-30 20:40:57Z,150.5,24986
UR720-4171bc59.csv,UR720,UGD720,325,2026-08-31 18:03:57Z,2026-08-31 20:32:28Z,148.5,24223
UR720-4172c560.csv,UR720,UGD720,473,2026-09-01 00:02:47Z,2026-09-01 02:53:21Z,170.6,34492
UR720-418217cc.csv,UR720,UGD720,282,2026-09-04 18:05:15Z,2026-09-04 20:40:21Z,155.1,20898
UR720-418311f2.csv,UR720,UGD720,334,2026-09-04 23:34:25Z,2026-09-05 02:22:48Z,168.4,24661
UR720-41861399.csv,UR720,UGD720,454,2026-09-05 18:29:35Z,2026-09-05 21:06:05Z,156.5,33393
UR720-4186bf6c.csv,UR720,UGD720,331,2026-09-05 23:14:43Z,2026-09-06 02:07:44Z,173.0,24390
UR720-4189a8d4.csv,UR720,UGD720,309,2026-09-06 18:29:04Z,2026-09-06 20:53:35Z,144.5,22875
UR720-418a6176.csv,UR720,UGD720,355,2026-09-06 23:29:42Z,2026-09-07 02:16:22Z,166.7,26019
UR720-418d561a.csv,UR720,UGD720,325,2026-09-07 18:09:02Z,2026-09-07 20:42:57Z,153.9,24051
UR720-418e4460.csv,UR720,UGD720,374,2026-09-07 23:39:16Z,2026-09-08 02:24:29Z,165.2,27594
UR722-3eb560c4.csv,UR722,UGD722,383,2026-03-12 11:44:42Z,2026-03-12 14:32:45Z,168.1,28559
UR722-3eb62c62.csv,UR722,UGD722,230,2026-03-12 15:28:39Z,2026-03-12 16:18:25Z,49.8,17171
UR722-3eb68a79.csv,UR722,UGD722,417,2026-03-12 17:13:11Z,2026-03-12 19:49:33Z,156.4,30607
UR722-3ecf94de.csv,UR722,UGD722,405,2026-03-19 11:36:33Z,2026-03-19 14:24:56Z,168.4,30294
UR722-3ed07c57.csv,UR722,UGD722,222,2026-03-19 15:20:33Z,2026-03-19 16:09:17Z,48.7,16640
UR722-3ed0e586.csv,UR722,UGD722,393,2026-03-19 16:57:45Z,2026-03-19 19:25:44Z,148.0,28789
UR722-417431eb.csv,UR722,UGD722,469,2026-09-01 10:38:23Z,2026-09-01 13:28:43Z,170.3,34981
UR722-41759bd9.csv,UR722,UGD722,386,2026-09-01 17:09:09Z,2026-09-01 19:39:47Z,150.6,28318
UR722-41780e53.csv,UR722,UGD722,367,2026-09-02 09:09:24Z,2026-09-02 11:55:56Z,166.5,27438
UR722-41793b26.csv,UR722,UGD722,322,2026-09-02 15:00:13Z,2026-09-02 17:27:17Z,147.1,23590
UR722-417c552e.csv,UR722,UGD722,345,2026-09-03 10:20:45Z,2026-09-03 13:14:52Z,174.1,25543
UR722-417db548.csv,UR722,UGD722,584,2026-09-03 16:47:20Z,2026-09-03 19:22:39Z,155.3,42450
UR722-41846f6f.csv,UR722,UGD722,360,2026-09-05 10:11:39Z,2026-09-05 12:54:21Z,162.7,26918
UR722-41858892.csv,UR722,UGD722,327,2026-09-05 15:37:59Z,2026-09-05 18:05:01Z,147.0,23931
UR722-418fa50a.csv,UR722,UGD722,380,2026-09-08 10:11:27Z,2026-09-08 13:15:48Z,184.3,28165
UR722-4190df8c.csv,UR722,UGD722,559,2026-09-08 16:02:18Z,2026-09-08 18:43:55Z,161.6,40518
UR722-4193829f.csv,UR722,UGD722,300,2026-09-09 08:54:09Z,2026-09-09 11:46:08Z,172.0,22474
UR880-3e89981e.csv,UR880,UGD880,374,2026-02-28 16:36:54Z,2026-02-28 19:13:37Z,156.7,27623
UR880-3ed2b94b.csv,UR880,UGD880,383,2026-03-20 02:12:21Z,2026-03-20 04:51:50Z,159.5,28281
UR881-3e8a5b68.csv,UR881,UGD881,406,2026-02-28 20:33:18Z,2026-02-28 23:39:29Z,186.2,29303
UR881-3ed32b72.csv,UR881,UGD881,391,2026-03-20 05:58:33Z,2026-03-20 08:48:34Z,170.0,28558
UR900-3e1c6cc6.csv,UR900,UGD900,541,2026-01-29 22:03:30Z,2026-01-30 02:12:36Z,249.1,39064
UR900-3edaf42c.csv,UR900,UGD900,659,2026-03-22 03:52:52Z,2026-03-22 08:21:28Z,268.6,47503
UR900-416bff14.csv,UR900,UGD900,701,2026-08-30 07:16:58Z,2026-08-30 11:39:54Z,262.9,50655
UR900-4187ab98.csv,UR900,UGD900,662,2026-09-06 07:25:29Z,2026-09-06 11:56:51Z,271.4,47417
UR900-418b4fe7.csv,UR900,UGD900,684,2026-09-07 07:14:33Z,2026-09-07 11:29:43Z,255.2,49135
UR901-3ec047c1.csv,UR901,UGD901,739,2026-03-15 09:51:48Z,2026-03-15 14:43:54Z,292.1,53138
UR901-3ec47ccf.csv,UR901,UGD901,800,2026-03-16 15:24:38Z,2026-03-16 20:11:25Z,286.8,57689
UR901-3edb8be6.csv,UR901,UGD901,689,2026-03-22 09:30:29Z,2026-03-22 14:19:00Z,288.5,49536
UR901-41889775.csv,UR901,UGD901,787,2026-09-06 13:02:32Z,2026-09-06 17:56:32Z,294.0,56993
UR901-418c2cc8.csv,UR901,UGD901,753,2026-09-07 12:46:57Z,2026-09-07 17:17:48Z,270.9,54306
UR902-417e77f4.csv,UR902,UGD902,623,2026-09-03 20:44:11Z,2026-09-04 01:21:22Z,277.2,44808
UR902-418298cd.csv,UR902,UGD902,687,2026-09-04 20:43:31Z,2026-09-05 01:24:37Z,281.1,49396
UR903-417f62b7.csv,UR903,UGD903,672,2026-09-04 02:33:38Z,2026-09-04 07:03:39Z,270.0,48323
UR903-41837427.csv,UR903,UGD903,725,2026-09-05 02:24:00Z,2026-09-05 07:09:22Z,285.4,52248
WB422-3ec8568c.csv,WB422,RWD422,294,2026-03-17 16:28:01Z,2026-03-17 17:19:34Z,51.5,21028
WB423-3ec8b104.csv,WB423,RWD423,199,2026-03-17 18:12:46Z,2026-03-17 19:01:10Z,48.4,14622
WB464-3ece1ec4.csv,WB464,RWD464,353,2026-03-19 00:56:08Z,2026-03-19 01:58:04Z,61.9,25748
WB464-3ed22dac.csv,WB464,RWD464,297,2026-03-19 22:51:33Z,2026-03-19 23:34:27Z,42.9,21548
XY1233-3ed1afa5.csv,XY1233,KNE1233,465,2026-03-19 20:25:21Z,2026-03-20 00:04:18Z,218.9,34364
XY1234-3ed29678.csv,XY1234,KNE1234,452,2026-03-20 01:16:32Z,2026-03-20 05:11:08Z,234.6,33045
XY345-3ec8f945.csv,XY345,KNE345,551,2026-03-17 19:39:20Z,2026-03-18 00:31:18Z,292.0,40368
XY346-3ec9f13a.csv,XY346,KNE346,273,2026-03-18 01:27:30Z,2026-03-18 04:53:56Z,206.4,19732
