tail,date,flight,callsign,origin,dest,triangle_sector,verified_track,track_date,app_status
5X-EQU,2026-08-31,UR720,UGD720,LUN,HRE,Y,,,green
5X-EQU,2026-08-31,UR720,UGD720,EBB,LUN,,Y,2026-08-31,green
5X-EQU,2026-08-31,UR321,UGD321,DAR,EBB,,,,green
5X-EQU,2026-08-31,UR320,UGD320,,,,,,
5X-EQU,2026-09-01,UR720,UGD720,HRE,EBB,,Y,2026-09-01,green
5X-EQU,2026-09-02,UR322,UGD322,EBB,DAR,,Y,2026-09-02,green
5X-EQU,2026-09-02,UR722,UGD722,LUN,EBB,,Y,2026-09-02,green
5X-EQU,2026-09-02,UR722,UGD722,HRE,LUN,Y,Y,2026-09-02,green
5X-EQU,2026-09-02,UR722,UGD722,EBB,HRE,,Y,2026-09-02,green
5X-EQU,2026-09-03,UR322,UGD322,EBB,DAR,,Y,2026-09-03,green
5X-EQU,2026-09-03,UR121,UGD121,JUB,EBB,,Y,2026-09-03,green
5X-EQU,2026-09-03,UR120,UGD120,EBB,JUB,,Y,2026-09-03,green
5X-EQU,2026-09-03,UR201,UGD201,NBO,EBB,,Y,2026-09-03,green
5X-EQU,2026-09-03,UR200,UGD200,EBB,NBO,,Y,2026-09-03,green
5X-EQU,2026-09-03,UR323,UGD323,DAR,EBB,,Y,2026-09-03,green
5X-EQU,2026-09-04,UR343,UGD343,MBA,EBB,,Y,2026-09-04,green
5X-EQU,2026-09-04,UR342,UGD342,EBB,MBA,,Y,2026-09-04,green
5X-EQU,2026-09-04,UR121,UGD121,JUB,EBB,,Y,2026-09-04,green
5X-EQU,2026-09-04,UR120,UGD120,EBB,JUB,,Y,2026-09-04,green
5X-EQU,2026-09-04,UR521,UGD521,MGQ,EBB,,Y,2026-09-04,green
5X-EQU,2026-09-04,UR520,UGD520,EBB,MGQ,,Y,2026-09-04,green
5X-EQU,2026-09-04,UR323,UGD323,DAR,EBB,,Y,2026-09-04,green
5X-EQU,2026-09-05,UR722,UGD722,LUN,EBB,,Y,2026-09-05,green
5X-EQU,2026-09-05,UR722,UGD722,HRE,LUN,Y,Y,2026-09-05,green
5X-EQU,2026-09-05,UR722,UGD722,EBB,HRE,,Y,2026-09-05,green
5X-EQU,2026-09-06,UR720,UGD720,LUN,HRE,Y,,,green
5X-EQU,2026-09-06,UR720,UGD720,EBB,LUN,,Y,2026-09-06,green
5X-EQU,2026-09-06,UR361,UGD361,BJM,EBB,,Y,2026-09-06,green
5X-EQU,2026-09-06,UR360,UGD360,EBB,BJM,,Y,2026-09-06,green
5X-EQU,2026-09-06,UR334,UGD334,JRO,EBB,,Y,2026-09-06,green
5X-EQU,2026-09-06,UR334,UGD334,ZNZ,JRO,Y,Y,2026-09-06,green
5X-EQU,2026-09-06,UR334,UGD334,EBB,ZNZ,,Y,2026-09-06,green
5X-EQU,2026-09-07,UR720,UGD720,LUN,HRE,Y,Y,2026-09-07,green
5X-EQU,2026-09-07,UR720,UGD720,EBB,LUN,,Y,2026-09-07,green
5X-EQU,2026-09-07,UR711,UGD711,JNB,EBB,,Y,2026-09-07,green
5X-EQU,2026-09-07,UR710,UGD710,EBB,JNB,,Y,2026-09-07,green
5X-EQU,2026-09-07,UR720,UGD720,HRE,EBB,,Y,2026-09-07,green
5X-EQU,2026-09-08,UR207,UGD207,NBO,EBB,,Y,2026-09-08,green
5X-EQU,2026-09-08,UR206,UGD206,EBB,NBO,,Y,2026-09-08,green
5X-EQU,2026-09-08,UR321,UGD321,DAR,EBB,,Y,2026-09-08,green
5X-EQU,2026-09-08,UR320,UGD320,EBB,DAR,,Y,2026-09-08,green
5X-EQU,2026-09-08,UR720,UGD720,HRE,EBB,,Y,2026-09-08,green
5X-EQU,2026-09-09,UR343,UGD343,MBA,EBB,,Y,2026-09-09,green
5X-EQU,2026-09-09,UR342,UGD342,EBB,MBA,,Y,2026-09-09,green
5X-EQU,2026-09-09,UR334,UGD334,JRO,EBB,,Y,2026-09-09,green
5X-EQU,2026-09-09,UR334,UGD334,ZNZ,JRO,Y,Y,2026-09-09,green
5X-EQU,2026-09-09,UR334,UGD334,EBB,ZNZ,,Y,2026-09-09,green
5X-EQU,2026-09-09,UR123,UGD123,JUB,EBB,,Y,2026-09-09,green
5X-EQU,2026-09-09,UR122,UGD122,EBB,JUB,,Y,2026-09-09,green
5X-EQU,2026-09-10,UR322,UGD322,EBB,DAR,,Y,2026-09-10,green
5X-EQU,2026-09-10,UR201,UGD201,NBO,EBB,,Y,2026-09-10,green
5X-EQU,2026-09-10,UR200,UGD200,EBB,NBO,,Y,2026-09-10,green
5X-EQU,2026-09-11,UR521,UGD521,MGQ,EBB,,Y,2026-09-11,green
5X-EQU,2026-09-11,UR520,UGD520,EBB,MGQ,,Y,2026-09-11,green
5X-EQU,2026-09-11,UR323,UGD323,DAR,EBB,,Y,2026-09-11,green
5X-EQU,2026-09-11,UR343,UGD343,MBA,EBB,,Y,2026-09-11,green
5X-EQU,2026-09-11,UR342,UGD342,EBB,MBA,,Y,2026-09-11,green
5X-EQU,2026-09-11,UR121,UGD121,JUB,EBB,,Y,2026-09-11,green
5X-EQU,2026-09-11,UR120,UGD120,EBB,JUB,,Y,2026-09-11,green
5X-EQU,2026-09-12,UR521,UGD521,MGQ,EBB,,Y,2026-09-12,green
5X-EQU,2026-09-12,UR520,UGD520,EBB,MGQ,,Y,2026-09-12,green
5X-EQU,2026-09-12,UR208,UGD208,EBB,NBO,,Y,2026-09-12,green
5X-EQU,2026-09-12,UR722,UGD722,LUN,EBB,,Y,2026-09-12,green
5X-EQU,2026-09-12,UR722,UGD722,HRE,LUN,Y,Y,2026-09-12,green
5X-EQU,2026-09-12,UR722,UGD722,EBB,HRE,,Y,2026-09-12,green
5X-EQU,2026-09-13,UR720,UGD720,LUN,HRE,Y,Y,2026-09-13,green
5X-EQU,2026-09-13,UR720,UGD720,EBB,LUN,,Y,2026-09-13,green
5X-EQU,2026-09-13,UR361,UGD361,BJM,EBB,,Y,2026-09-13,green
5X-EQU,2026-09-13,UR360,UGD360,EBB,BJM,,Y,2026-09-13,green
5X-EQU,2026-09-13,UR334,UGD334,JRO,EBB,,Y,2026-09-13,green
5X-EQU,2026-09-13,UR334,UGD334,ZNZ,JRO,Y,Y,2026-09-13,green
5X-EQU,2026-09-13,UR334,UGD334,EBB,ZNZ,,Y,2026-09-13,green
5X-EQU,2026-09-13,UR209,UGD209,NBO,EBB,,Y,2026-09-13,green
5X-EQU,2026-09-14,UR361,UGD361,BJM,EBB,,Y,2026-09-14,green
5X-EQU,2026-09-14,UR360,UGD360,EBB,BJM,,Y,2026-09-14,green
5X-EQU,2026-09-14,UR201,UGD201,NBO,EBB,,Y,2026-09-14,green
5X-EQU,2026-09-14,UR200,UGD200,EBB,NBO,,Y,2026-09-14,green
5X-EQU,2026-09-14,UR720,UGD720,HRE,EBB,,Y,2026-09-14,green
5X-EQU,2026-09-15,UR207,UGD207,NBO,EBB,,Y,2026-09-15,green
5X-EQU,2026-09-15,UR206,UGD206,EBB,NBO,,Y,2026-09-15,green
5X-EQU,2026-09-15,UR321,UGD321,DAR,EBB,,Y,2026-09-15,amber
5X-EQU,2026-09-15,UR320,UGD320,EBB,DAR,,Y,2026-09-15,green
5X-EQU,2026-09-15,UR521,UGD521,MGQ,EBB,,Y,2026-09-15,green
5X-EQU,2026-09-15,UR520,UGD520,EBB,MGQ,,Y,2026-09-15,green
5X-EQU,2026-09-16,UR322,UGD322,EBB,DAR,,,,red
5X-EQU,2026-09-16,UR201,UGD201,NBO,EBB,,Y,2026-09-16,green
5X-EQU,2026-09-16,UR200,UGD200,EBB,NBO,,Y,2026-09-16,green
5X-EQU,2026-09-17,UR208,UGD208,EBB,NBO,,Y,2026-09-17,green
5X-EQU,2026-09-17,UR361,UGD361,BJM,EBB,,,,green
5X-EQU,2026-09-17,UR360,UGD360,EBB,BJM,,Y,2026-09-17,green
5X-EQU,2026-09-17,UR323,UGD323,DAR,EBB,,Y,2026-09-18,red
5X-EQU,2026-09-18,UR520,UGD520,EBB,MGQ,,,,red
5X-EQU,2026-09-18,UR209,UGD209,NBO,EBB,,Y,2026-09-18,amber
5X-EQU,2026-09-24,UR208,UGD208,EBB,NBO,,Y,2026-09-24,green
5X-EQU,2026-09-24,UR361,UGD361,BJM,EBB,,Y,2026-09-24,green
5X-EQU,2026-09-24,UR360,UGD360,EBB,BJM,,Y,2026-09-24,green
5X-EQU,2026-09-25,UR322,UGD322,EBB,DAR,,Y,2026-09-25,green
5X-EQU,2026-09-25,UR207,UGD207,NBO,EBB,,Y,2026-09-25,green
5X-EQU,2026-09-25,UR206,UGD206,EBB,NBO,,Y,2026-09-25,green
5X-EQU,2026-09-25,UR201,UGD201,NBO,EBB,,Y,2026-09-25,green
5X-EQU,2026-09-25,UR200,UGD200,EBB,NBO,,Y,2026-09-25,green
5X-EQU,2026-09-25,UR209,UGD209,NBO,EBB,,Y,2026-09-25,green
5X-EQU,2026-09-26,UR322,UGD322,EBB,DAR,,Y,2026-09-26,green
5X-EQU,2026-09-26,UR121,UGD121,JUB,EBB,,Y,2026-09-26,green
5X-EQU,2026-09-26,UR120,UGD120,EBB,JUB,,Y,2026-09-26,green
5X-EQU,2026-09-26,UR521,UGD521,MGQ,EBB,,Y,2026-09-26,green
5X-EQU,2026-09-26,UR520,UGD520,EBB,MGQ,,Y,2026-09-26,green
5X-EQU,2026-09-26,UR323,UGD323,DAR,EBB,,Y,2026-09-26,green
5X-EQU,2026-09-27,UR208,UGD208,EBB,NBO,,Y,2026-09-27,red
5X-EQU,2026-09-27,UR207,UGD207,NBO,EBB,,Y,2026-09-27,red
5X-EQU,2026-09-27,UR206,UGD206,EBB,NBO,,Y,2026-09-27,red
5X-EQU,2026-09-27,UR523,UGD523,UG-0013,EBB,,,,grey
5X-EQU,2026-09-27,UR523,UGD523,EBB,UG-0013,,,,grey
5X-EQU,2026-09-27,UR523,UGD523,EBB,EBB,,,,grey
5X-EQU,2026-09-27,UR323,UGD323,DAR,EBB,,Y,2026-09-27,green
5X-EQU,2026-09-28,UR208,UGD208,EBB,NBO,,Y,2026-09-28,green
5X-EQU,2026-09-28,UR711,UGD711,JNB,EBB,,Y,2026-09-28,green
5X-EQU,2026-09-28,UR710,UGD710,EBB,JNB,,Y,2026-09-28,green
5X-EQU,2026-09-28,UR209,UGD209,NBO,EBB,,Y,2026-09-28,amber
5X-EQU,2026-09-29,UR201,UGD201,NBO,EBB,,Y,2026-09-29,green
5X-EQU,2026-09-29,UR200,UGD200,EBB,NBO,,Y,2026-09-29,green
5X-EQU,2026-09-29,UR209,UGD209,NBO,EBB,,,,green
5X-EQU,2026-09-30,UR342,UGD342,EBB,MBA,,Y,2026-09-30,green
5X-EQU,2026-09-30,UR334,UGD334,JRO,EBB,,Y,2026-09-30,green
5X-EQU,2026-09-30,UR334,UGD334,ZNZ,JRO,Y,Y,2026-09-30,green
5X-EQU,2026-09-30,UR334,UGD334,EBB,ZNZ,,Y,2026-09-30,green
5X-EQU,2026-09-30,UR201,UGD201,NBO,EBB,,Y,2026-09-30,green
5X-EQU,2026-09-30,UR200,UGD200,EBB,NBO,,Y,2026-09-30,green
5X-KDP,2026-08-31,UR323,UGD323,DAR,EBB,,Y,2026-08-31,green
5X-KDP,2026-08-31,UR322,UGD322,EBB,DAR,,Y,2026-08-31,green
5X-KDP,2026-08-31,UR361,UGD361,BJM,EBB,,,,green
5X-KDP,2026-08-31,UR360,UGD360,EBB,BJM,,,,green
5X-KDP,2026-08-31,UR720,UGD720,HRE,EBB,,,,green
5X-KDP,2026-09-01,UR722,UGD722,LUN,EBB,,Y,2026-09-01,red
5X-KDP,2026-09-01,UR722,UGD722,HRE,LUN,Y,Y,2026-09-01,red
5X-KDP,2026-09-01,UR722,UGD722,EBB,HRE,,Y,2026-09-01,amber
5X-KDP,2026-09-01,UR521,UGD521,MGQ,EBB,,Y,2026-09-01,green
5X-KDP,2026-09-01,UR520,UGD520,EBB,MGQ,,Y,2026-09-01,green
5X-KDP,2026-09-02,UR208,UGD208,EBB,NBO,,Y,2026-09-02,green
5X-KDP,2026-09-02,UR361,UGD361,BJM,EBB,,Y,2026-09-02,green
5X-KDP,2026-09-02,UR360,UGD360,EBB,BJM,,Y,2026-09-02,green
5X-KDP,2026-09-02,UR121,UGD121,JUB,EBB,,Y,2026-09-02,grey
5X-KDP,2026-09-02,UR120,UGD120,EBB,JUB,,Y,2026-09-02,grey
5X-KDP,2026-09-02,UR201,UGD201,NBO,EBB,,Y,2026-09-02,green
5X-KDP,2026-09-02,UR200,UGD200,EBB,NBO,,Y,2026-09-02,green
5X-KDP,2026-09-03,UR208,UGD208,EBB,NBO,,Y,2026-09-03,green
5X-KDP,2026-09-03,UR361,UGD361,BJM,EBB,,Y,2026-09-03,green
5X-KDP,2026-09-03,UR360,UGD360,EBB,BJM,,Y,2026-09-03,green
5X-KDP,2026-09-03,UR209,UGD209,NBO,EBB,,Y,2026-09-03,green
5X-KDP,2026-09-04,UR322,UGD322,EBB,DAR,,Y,2026-09-04,green
5X-KDP,2026-09-04,UR207,UGD207,NBO,EBB,,Y,2026-09-04,green
5X-KDP,2026-09-04,UR206,UGD206,EBB,NBO,,Y,2026-09-04,green
5X-KDP,2026-09-04,UR201,UGD201,NBO,EBB,,Y,2026-09-04,green
5X-KDP,2026-09-04,UR200,UGD200,EBB,NBO,,Y,2026-09-04,green
5X-KDP,2026-09-04,UR209,UGD209,NBO,EBB,,Y,2026-09-04,green
5X-KDP,2026-09-05,UR208,UGD208,EBB,NBO,,Y,2026-09-05,green
5X-KDP,2026-09-05,UR521,UGD521,MGQ,EBB,,Y,2026-09-05,green
5X-KDP,2026-09-05,UR520,UGD520,EBB,MGQ,,Y,2026-09-05,green
5X-KDP,2026-09-05,UR323,UGD323,DAR,EBB,,Y,2026-09-05,green
5X-KDP,2026-09-06,UR343,UGD343,MBA,EBB,,Y,2026-09-06,green
5X-KDP,2026-09-06,UR342,UGD342,EBB,MBA,,Y,2026-09-06,green
5X-KDP,2026-09-06,UR121,UGD121,JUB,EBB,,Y,2026-09-06,green
5X-KDP,2026-09-06,UR120,UGD120,EBB,JUB,,Y,2026-09-06,green
5X-KDP,2026-09-06,UR201,UGD201,NBO,EBB,,Y,2026-09-06,green
5X-KDP,2026-09-06,UR200,UGD200,EBB,NBO,,Y,2026-09-06,green
5X-KDP,2026-09-06,UR209,UGD209,NBO,EBB,,Y,2026-09-06,green
5X-KDP,2026-09-07,UR323,UGD323,DAR,EBB,,Y,2026-09-07,green
5X-KDP,2026-09-07,UR322,UGD322,EBB,DAR,,Y,2026-09-07,green
5X-KDP,2026-09-07,UR361,UGD361,BJM,EBB,,Y,2026-09-07,green
5X-KDP,2026-09-07,UR360,UGD360,EBB,BJM,,Y,2026-09-07,green
5X-KDP,2026-09-07,UR201,UGD201,NBO,EBB,,Y,2026-09-07,green
5X-KDP,2026-09-07,UR200,UGD200,EBB,NBO,,Y,2026-09-07,green
5X-KDP,2026-09-08,UR361,UGD361,BJM,EBB,,Y,2026-09-08,green
5X-KDP,2026-09-08,UR360,UGD360,EBB,BJM,,Y,2026-09-08,green
5X-KDP,2026-09-08,UR201,UGD201,NBO,EBB,,Y,2026-09-08,green
5X-KDP,2026-09-08,UR200,UGD200,EBB,NBO,,Y,2026-09-08,green
5X-KDP,2026-09-09,UR208,UGD208,EBB,NBO,,Y,2026-09-09,green
5X-KDP,2026-09-09,UR361,UGD361,BJM,EBB,,Y,2026-09-09,green
5X-KDP,2026-09-09,UR360,UGD360,EBB,BJM,,Y,2026-09-09,green
5X-KDP,2026-09-09,UR201,UGD201,NBO,EBB,,Y,2026-09-09,green
5X-KDP,2026-09-09,UR200,UGD200,EBB,NBO,,Y,2026-09-09,green
5X-KDP,2026-09-10,UR208,UGD208,EBB,NBO,,Y,2026-09-10,green
5X-KDP,2026-09-10,UR361,UGD361,BJM,EBB,,Y,2026-09-10,green
5X-KDP,2026-09-10,UR360,UGD360,EBB,BJM,,Y,2026-09-10,green
5X-KDP,2026-09-10,UR209,UGD209,NBO,EBB,,Y,2026-09-10,green
5X-KDP,2026-09-11,UR201,UGD201,NBO,EBB,,Y,2026-09-11,green
5X-KDP,2026-09-11,UR200,UGD200,EBB,NBO,,Y,2026-09-11,green
5X-KDP,2026-09-11,UR209,UGD209,NBO,EBB,,Y,2026-09-11,green
5X-KDP,2026-09-11,UR322,UGD322,EBB,DAR,,Y,2026-09-11,green
5X-KDP,2026-09-11,UR207,UGD207,NBO,EBB,,Y,2026-09-11,green
5X-KDP,2026-09-11,UR206,UGD206,EBB,NBO,,Y,2026-09-11,green
5X-KDP,2026-09-12,UR323,UGD323,DAR,EBB,,Y,2026-09-12,green
5X-KDP,2026-09-13,UR343,UGD343,MBA,EBB,,Y,2026-09-13,green
5X-KDP,2026-09-13,UR342,UGD342,EBB,MBA,,Y,2026-09-13,green
5X-KDP,2026-09-13,UR121,UGD121,JUB,EBB,,Y,2026-09-13,green
5X-KDP,2026-09-13,UR120,UGD120,EBB,JUB,,Y,2026-09-13,green
5X-KDP,2026-09-13,UR201,UGD201,NBO,EBB,,Y,2026-09-13,green
5X-KDP,2026-09-13,UR200,UGD200,EBB,NBO,,Y,2026-09-13,green
5X-KDP,2026-09-15,UR361,UGD361,BJM,EBB,,Y,2026-09-15,green
5X-KDP,2026-09-15,UR360,UGD360,EBB,BJM,,Y,2026-09-15,green
5X-KDP,2026-09-16,UR711,UGD711,JNB,EBB,,,,red
5X-KDP,2026-09-16,UR710,UGD710,EBB,JNB,,Y,2026-09-16,green
5X-KDP,2026-09-18,UR720,UGD720,LUN,HRE,Y,,,green
5X-KDP,2026-09-18,UR720,UGD720,EBB,LUN,,Y,2026-09-18,green
5X-KDP,2026-09-18,UR361,UGD361,BJM,EBB,,Y,2026-09-18,green
5X-KDP,2026-09-18,UR360,UGD360,EBB,BJM,,Y,2026-09-18,green
5X-KDP,2026-09-18,UR334,UGD334,JRO,EBB,,Y,2026-09-18,green
5X-KDP,2026-09-18,UR334,UGD334,ZNZ,JRO,Y,,,green
5X-KDP,2026-09-18,UR334,UGD334,EBB,ZNZ,,Y,2026-09-18,green
5X-KDP,2026-09-18,UR713,UGD713,JNB,EBB,,Y,2026-09-18,green
5X-KDP,2026-09-19,UR322,UGD322,EBB,DAR,,Y,2026-09-19,green
5X-KDP,2026-09-19,UR121,UGD121,JUB,EBB,,Y,2026-09-19,green
5X-KDP,2026-09-19,UR120,UGD120,EBB,JUB,,Y,2026-09-19,green
5X-KDP,2026-09-19,UR201,UGD201,NBO,EBB,,Y,2026-09-19,green
5X-KDP,2026-09-19,UR200,UGD200,EBB,NBO,,Y,2026-09-19,green
5X-KDP,2026-09-19,UR720,UGD720,HRE,EBB,,Y,2026-09-19,green
5X-KDP,2026-09-20,UR343,UGD343,MBA,EBB,,Y,2026-09-21,red
5X-KDP,2026-09-20,UR342,UGD342,EBB,MBA,,Y,2026-09-21,red
5X-KDP,2026-09-20,UR361,UGD361,BJM,EBB,,Y,2026-09-20,red
5X-KDP,2026-09-20,UR360,UGD360,EBB,BJM,,Y,2026-09-20,red
5X-KDP,2026-09-20,UR321,UGD321,DAR,EBB,,Y,2026-09-20,red
5X-KDP,2026-09-20,UR121,UGD121,JUB,EBB,,,,grey
5X-KDP,2026-09-20,UR320,UGD320,EBB,DAR,,Y,2026-09-20,red
5X-KDP,2026-09-20,UR120,UGD120,EBB,JUB,,Y,2026-09-20,grey
5X-KDP,2026-09-20,UR201,UGD201,NBO,EBB,,Y,2026-09-20,green
5X-KDP,2026-09-20,UR200,UGD200,EBB,NBO,,Y,2026-09-20,green
5X-KDP,2026-09-20,UR323,UGD323,DAR,EBB,,Y,2026-09-20,green
5X-KDP,2026-09-21,UR208,UGD208,EBB,NBO,,Y,2026-09-21,green
5X-KDP,2026-09-21,UR207,UGD207,NBO,EBB,,Y,2026-09-21,green
5X-KDP,2026-09-21,UR206,UGD206,EBB,NBO,,Y,2026-09-21,green
5X-KDP,2026-09-21,UR321,UGD321,DAR,EBB,,Y,2026-09-21,green
5X-KDP,2026-09-21,UR320,UGD320,EBB,DAR,,Y,2026-09-21,green
5X-KDP,2026-09-21,UR123,UGD123,JUB,EBB,,Y,2026-09-21,green
5X-KDP,2026-09-21,UR122,UGD122,EBB,JUB,,Y,2026-09-21,green
5X-KDP,2026-09-22,UR207,UGD207,NBO,EBB,,Y,2026-09-22,green
5X-KDP,2026-09-22,UR206,UGD206,EBB,NBO,,Y,2026-09-22,green
5X-KDP,2026-09-22,UR321,UGD321,DAR,EBB,,Y,2026-09-22,green
5X-KDP,2026-09-22,UR320,UGD320,EBB,DAR,,Y,2026-09-22,green
5X-KDP,2026-09-22,UR521,UGD521,MGQ,EBB,,Y,2026-09-22,green
5X-KDP,2026-09-22,UR520,UGD520,EBB,MGQ,,Y,2026-09-22,green
5X-KDP,2026-09-22,UR209,UGD209,NBO,EBB,,Y,2026-09-22,green
5X-KDP,2026-09-23,UR343,UGD343,MBA,EBB,,Y,2026-09-23,green
5X-KDP,2026-09-23,UR342,UGD342,EBB,MBA,,Y,2026-09-23,green
5X-KDP,2026-09-23,UR361,UGD361,BJM,EBB,,Y,2026-09-23,green
5X-KDP,2026-09-23,UR360,UGD360,EBB,BJM,,Y,2026-09-23,green
5X-KDP,2026-09-23,UR334,UGD334,JRO,EBB,,Y,2026-09-23,grey
5X-KDP,2026-09-23,UR334,UGD334,ZNZ,JRO,Y,Y,2026-09-23,grey
5X-KDP,2026-09-23,UR334,UGD334,EBB,ZNZ,,Y,2026-09-23,grey
5X-KDP,2026-09-23,UR201,UGD201,NBO,EBB,,Y,2026-09-23,grey
5X-KDP,2026-09-23,UR200,UGD200,EBB,NBO,,Y,2026-09-23,green
5X-KDP,2026-09-24,UR322,UGD322,EBB,DAR,,Y,2026-09-24,green
5X-KDP,2026-09-24,UR201,UGD201,NBO,EBB,,Y,2026-09-24,green
5X-KDP,2026-09-24,UR200,UGD200,EBB,NBO,,Y,2026-09-24,green
5X-KDP,2026-09-25,UR343,UGD343,MBA,EBB,,Y,2026-09-25,green
5X-KDP,2026-09-25,UR342,UGD342,EBB,MBA,,Y,2026-09-25,green
5X-KDP,2026-09-25,UR121,UGD121,JUB,EBB,,Y,2026-09-25,green
5X-KDP,2026-09-25,UR120,UGD120,EBB,JUB,,Y,2026-09-25,green
5X-KDP,2026-09-25,UR521,UGD521,MGQ,EBB,,Y,2026-09-25,green
5X-KDP,2026-09-25,UR520,UGD520,EBB,MGQ,,Y,2026-09-25,green
5X-KDP,2026-09-25,UR323,UGD323,DAR,EBB,,Y,2026-09-25,green
5X-KDP,2026-09-26,UR208,UGD208,EBB,NBO,,Y,2026-09-26,green
5X-KDP,2026-09-26,UR722,UGD722,LUN,EBB,,Y,2026-09-26,green
5X-KDP,2026-09-26,UR722,UGD722,HRE,LUN,Y,Y,2026-09-26,green
5X-KDP,2026-09-26,UR722,UGD722,EBB,HRE,,Y,2026-09-26,green
5X-KDP,2026-09-27,UR720,UGD720,LUN,HRE,Y,Y,2026-09-27,green
5X-KDP,2026-09-27,UR720,UGD720,EBB,LUN,,Y,2026-09-27,green
5X-KDP,2026-09-27,UR361,UGD361,BJM,EBB,,Y,2026-09-27,green
5X-KDP,2026-09-27,UR360,UGD360,EBB,BJM,,Y,2026-09-27,green
5X-KDP,2026-09-27,UR334,UGD334,JRO,EBB,,Y,2026-09-27,green
5X-KDP,2026-09-27,UR334,UGD334,ZNZ,JRO,Y,,,green
5X-KDP,2026-09-27,UR334,UGD334,EBB,ZNZ,,Y,2026-09-27,green
5X-KDP,2026-09-27,UR209,UGD209,NBO,EBB,,Y,2026-09-27,green
5X-KDP,2026-09-28,UR323,UGD323,DAR,EBB,,Y,2026-09-28,green
5X-KDP,2026-09-28,UR322,UGD322,EBB,DAR,,Y,2026-09-28,green
5X-KDP,2026-09-28,UR361,UGD361,BJM,EBB,,Y,2026-09-28,green
5X-KDP,2026-09-28,UR360,UGD360,EBB,BJM,,Y,2026-09-28,green
5X-KDP,2026-09-28,UR201,UGD201,NBO,EBB,,Y,2026-09-28,green
5X-KDP,2026-09-28,UR200,UGD200,EBB,NBO,,Y,2026-09-28,green
5X-KDP,2026-09-28,UR720,UGD720,HRE,EBB,,Y,2026-09-28,green
5X-KDP,2026-09-29,UR523,UGD523,EBB,UG-0013,,,,grey
5X-KDP,2026-09-29,UR121,UGD121,JUB,EBB,,Y,2026-09-29,green
5X-KDP,2026-09-29,UR120,UGD120,EBB,JUB,,Y,2026-09-29,green
5X-KDP,2026-09-29,UR521,UGD521,MGQ,EBB,,Y,2026-09-29,green
5X-KDP,2026-09-29,UR520,UGD520,EBB,MGQ,,Y,2026-09-29,green
5X-KDP,2026-09-30,UR361,UGD361,BJM,EBB,,Y,2026-09-30,green
5X-KDP,2026-09-30,UR360,UGD360,EBB,BJM,,Y,2026-09-30,green
5X-KDP,2026-09-30,UR523,UGD523,UG-0013,EBB,,,,grey
5X-KDP,2026-09-30,UR523,UGD523,EBB,UG-0013,,,,grey
5X-KOB,2026-08-31,UR712,UGD712,,,,,,
5X-KOB,2026-09-01,UR361,UGD361,BJM,EBB,,Y,2026-09-01,green
5X-KOB,2026-09-01,UR360,UGD360,EBB,BJM,,Y,2026-09-01,green
5X-KOB,2026-09-01,UR321,UGD321,DAR,EBB,,Y,2026-09-01,green
5X-KOB,2026-09-01,UR320,UGD320,EBB,DAR,,Y,2026-09-01,green
5X-KOB,2026-09-01,UR713,UGD713,JNB,EBB,,Y,2026-09-01,green
5X-KOB,2026-09-02,UR343,UGD343,MBA,EBB,,Y,2026-09-02,green
5X-KOB,2026-09-02,UR342,UGD342,EBB,MBA,,Y,2026-09-02,green
5X-KOB,2026-09-02,UR334,UGD334,JRO,EBB,,Y,2026-09-02,green
5X-KOB,2026-09-02,UR334,UGD334,ZNZ,JRO,Y,Y,2026-09-02,green
5X-KOB,2026-09-02,UR334,UGD334,EBB,ZNZ,,Y,2026-09-02,green
5X-KOB,2026-09-02,UR123,UGD123,JUB,EBB,,Y,2026-09-02,green
5X-KOB,2026-09-02,UR122,UGD122,EBB,JUB,,Y,2026-09-02,green
5X-KOB,2026-09-04,UR720,UGD720,LUN,HRE,Y,,,green
5X-KOB,2026-09-04,UR720,UGD720,EBB,LUN,,Y,2026-09-04,green
5X-KOB,2026-09-04,UR361,UGD361,BJM,EBB,,Y,2026-09-04,green
5X-KOB,2026-09-04,UR360,UGD360,EBB,BJM,,Y,2026-09-04,green
5X-KOB,2026-09-04,UR334,UGD334,JRO,EBB,,Y,2026-09-04,green
5X-KOB,2026-09-04,UR334,UGD334,ZNZ,JRO,Y,Y,2026-09-04,green
5X-KOB,2026-09-04,UR334,UGD334,EBB,ZNZ,,Y,2026-09-04,green
5X-KOB,2026-09-05,UR322,UGD322,EBB,DAR,,Y,2026-09-05,green
5X-KOB,2026-09-05,UR121,UGD121,JUB,EBB,,Y,2026-09-05,green
5X-KOB,2026-09-05,UR120,UGD120,EBB,JUB,,Y,2026-09-05,green
5X-KOB,2026-09-05,UR201,UGD201,NBO,EBB,,Y,2026-09-05,green
5X-KOB,2026-09-05,UR200,UGD200,EBB,NBO,,Y,2026-09-05,green
5X-KOB,2026-09-05,UR720,UGD720,HRE,EBB,,Y,2026-09-05,green
5X-KOB,2026-09-06,UR208,UGD208,EBB,NBO,,Y,2026-09-06,green
5X-KOB,2026-09-06,UR207,UGD207,NBO,EBB,,Y,2026-09-06,green
5X-KOB,2026-09-06,UR206,UGD206,EBB,NBO,,Y,2026-09-06,green
5X-KOB,2026-09-06,UR321,UGD321,DAR,EBB,,Y,2026-09-06,green
5X-KOB,2026-09-06,UR320,UGD320,EBB,DAR,,Y,2026-09-06,green
5X-KOB,2026-09-06,UR521,UGD521,MGQ,EBB,,Y,2026-09-06,green
5X-KOB,2026-09-06,UR520,UGD520,EBB,MGQ,,Y,2026-09-06,green
5X-KOB,2026-09-06,UR323,UGD323,DAR,EBB,,Y,2026-09-06,green
5X-KOB,2026-09-07,UR208,UGD208,EBB,NBO,,Y,2026-09-07,green
5X-KOB,2026-09-07,UR207,UGD207,NBO,EBB,,Y,2026-09-07,green
5X-KOB,2026-09-07,UR206,UGD206,EBB,NBO,,Y,2026-09-07,green
5X-KOB,2026-09-07,UR321,UGD321,DAR,EBB,,Y,2026-09-07,green
5X-KOB,2026-09-07,UR320,UGD320,EBB,DAR,,Y,2026-09-07,green
5X-KOB,2026-09-07,UR123,UGD123,JUB,EBB,,Y,2026-09-07,green
5X-KOB,2026-09-07,UR122,UGD122,EBB,JUB,,Y,2026-09-07,green
5X-KOB,2026-09-07,UR209,UGD209,NBO,EBB,,Y,2026-09-07,green
5X-KOB,2026-09-08,UR121,UGD121,JUB,EBB,,Y,2026-09-08,green
5X-KOB,2026-09-08,UR120,UGD120,EBB,JUB,,Y,2026-09-08,green
5X-KOB,2026-09-08,UR521,UGD521,MGQ,EBB,,Y,2026-09-08,green
5X-KOB,2026-09-08,UR520,UGD520,EBB,MGQ,,Y,2026-09-08,green
5X-KOB,2026-09-08,UR209,UGD209,NBO,EBB,,Y,2026-09-08,green
5X-KOB,2026-09-09,UR322,UGD322,EBB,DAR,,Y,2026-09-09,green
5X-KOB,2026-09-09,UR722,UGD722,LUN,EBB,,Y,2026-09-09,green
5X-KOB,2026-09-09,UR722,UGD722,HRE,LUN,Y,,,green
5X-KOB,2026-09-09,UR722,UGD722,EBB,HRE,,Y,2026-09-09,green
5X-KOB,2026-09-10,UR121,UGD121,JUB,EBB,,Y,2026-09-10,green
5X-KOB,2026-09-10,UR120,UGD120,EBB,JUB,,Y,2026-09-10,green
5X-KOB,2026-09-10,UR323,UGD323,DAR,EBB,,Y,2026-09-10,green
5X-KOB,2026-09-11,UR334,UGD334,ZNZ,JRO,Y,Y,2026-09-11,green
5X-KOB,2026-09-11,UR334,UGD334,EBB,ZNZ,,Y,2026-09-11,green
5X-KOB,2026-09-11,UR720,UGD720,LUN,HRE,Y,Y,2026-09-11,green
5X-KOB,2026-09-11,UR720,UGD720,EBB,LUN,,Y,2026-09-11,green
5X-KOB,2026-09-11,UR361,UGD361,BJM,EBB,,Y,2026-09-11,green
5X-KOB,2026-09-11,UR360,UGD360,EBB,BJM,,Y,2026-09-11,green
5X-KOB,2026-09-11,UR334,UGD334,JRO,EBB,,Y,2026-09-11,green
5X-KOB,2026-09-12,UR200,UGD200,EBB,NBO,,Y,2026-09-12,green
5X-KOB,2026-09-12,UR720,UGD720,HRE,EBB,,Y,2026-09-12,green
5X-KOB,2026-09-12,UR322,UGD322,EBB,DAR,,Y,2026-09-12,green
5X-KOB,2026-09-12,UR121,UGD121,JUB,EBB,,Y,2026-09-12,green
5X-KOB,2026-09-12,UR120,UGD120,EBB,JUB,,Y,2026-09-12,green
5X-KOB,2026-09-12,UR201,UGD201,NBO,EBB,,Y,2026-09-12,green
5X-KOB,2026-09-13,UR208,UGD208,EBB,NBO,,Y,2026-09-13,green
5X-KOB,2026-09-13,UR207,UGD207,NBO,EBB,,Y,2026-09-13,green
5X-KOB,2026-09-13,UR206,UGD206,EBB,NBO,,Y,2026-09-13,green
5X-KOB,2026-09-13,UR321,UGD321,DAR,EBB,,Y,2026-09-13,green
5X-KOB,2026-09-13,UR320,UGD320,EBB,DAR,,Y,2026-09-13,green
5X-KOB,2026-09-13,UR521,UGD521,MGQ,EBB,,Y,2026-09-13,green
5X-KOB,2026-09-13,UR520,UGD520,EBB,MGQ,,Y,2026-09-13,green
5X-KOB,2026-09-13,UR323,UGD323,DAR,EBB,,Y,2026-09-13,green
5X-KOB,2026-09-14,UR208,UGD208,EBB,NBO,,Y,2026-09-14,green
5X-KOB,2026-09-14,UR207,UGD207,NBO,EBB,,Y,2026-09-14,green
5X-KOB,2026-09-14,UR206,UGD206,EBB,NBO,,Y,2026-09-14,green
5X-KOB,2026-09-14,UR321,UGD321,DAR,EBB,,Y,2026-09-14,green
5X-KOB,2026-09-14,UR320,UGD320,EBB,DAR,,Y,2026-09-14,green
5X-KOB,2026-09-14,UR123,UGD123,JUB,EBB,,Y,2026-09-14,green
5X-KOB,2026-09-14,UR122,UGD122,EBB,JUB,,Y,2026-09-14,green
5X-KOB,2026-09-14,UR209,UGD209,NBO,EBB,,Y,2026-09-14,green
5X-KOB,2026-09-15,UR121,UGD121,JUB,EBB,,Y,2026-09-15,green
5X-KOB,2026-09-15,UR120,UGD120,EBB,JUB,,Y,2026-09-15,green
5X-KOB,2026-09-15,UR201,UGD201,NBO,EBB,,Y,2026-09-15,green
5X-KOB,2026-09-15,UR200,UGD200,EBB,NBO,,Y,2026-09-15,green
5X-KOB,2026-09-15,UR209,UGD209,NBO,EBB,,,,green
5X-KOB,2026-09-16,UR343,UGD343,MBA,EBB,,Y,2026-09-17,red
5X-KOB,2026-09-16,UR342,UGD342,EBB,MBA,,Y,2026-09-16,red
5X-KOB,2026-09-16,UR361,UGD361,BJM,EBB,,Y,2026-09-16,red
5X-KOB,2026-09-16,UR334,UGD334,JRO,EBB,,Y,2026-09-16,green
5X-KOB,2026-09-16,UR360,UGD360,EBB,BJM,,Y,2026-09-16,red
5X-KOB,2026-09-16,UR334,UGD334,ZNZ,JRO,Y,,,green
5X-KOB,2026-09-16,UR334,UGD334,EBB,ZNZ,,Y,2026-09-16,green
5X-KOB,2026-09-16,UR123,UGD123,JUB,EBB,,Y,2026-09-16,green
5X-KOB,2026-09-16,UR122,UGD122,EBB,JUB,,Y,2026-09-16,green
5X-KOB,2026-09-17,UR322,UGD322,EBB,DAR,,Y,2026-09-17,green
5X-KOB,2026-09-17,UR121,UGD121,JUB,EBB,,,,green
5X-KOB,2026-09-17,UR120,UGD120,EBB,JUB,,Y,2026-09-17,green
5X-KOB,2026-09-17,UR201,UGD201,NBO,EBB,,Y,2026-09-17,green
5X-KOB,2026-09-17,UR200,UGD200,EBB,NBO,,Y,2026-09-17,green
5X-KOB,2026-09-18,UR343,UGD343,MBA,EBB,,Y,2026-09-19,red
5X-KOB,2026-09-18,UR207,UGD207,NBO,EBB,,Y,2026-09-18,amber
5X-KOB,2026-09-18,UR342,UGD342,EBB,MBA,,Y,2026-09-18,red
5X-KOB,2026-09-18,UR206,UGD206,EBB,NBO,,Y,2026-09-18,amber
5X-KOB,2026-09-18,UR121,UGD121,JUB,EBB,,Y,2026-09-18,green
5X-KOB,2026-09-18,UR120,UGD120,EBB,JUB,,Y,2026-09-18,green
5X-KOB,2026-09-18,UR201,UGD201,NBO,EBB,,Y,2026-09-18,green
5X-KOB,2026-09-18,UR200,UGD200,EBB,NBO,,Y,2026-09-18,green
5X-KOB,2026-09-18,UR323,UGD323,DAR,EBB,,Y,2026-09-18,green
5X-KOB,2026-09-19,UR208,UGD208,EBB,NBO,,Y,2026-09-19,green
5X-KOB,2026-09-19,UR521,UGD521,MGQ,EBB,,Y,2026-09-19,green
5X-KOB,2026-09-19,UR520,UGD520,EBB,MGQ,,Y,2026-09-19,green
5X-KOB,2026-09-20,UR720,UGD720,LUN,HRE,Y,Y,2026-09-20,red
5X-KOB,2026-09-20,UR720,UGD720,EBB,LUN,,Y,2026-09-20,red
5X-KOB,2026-09-20,UR207,UGD207,NBO,EBB,,Y,2026-09-20,amber
5X-KOB,2026-09-20,UR206,UGD206,EBB,NBO,,Y,2026-09-20,amber
5X-KOB,2026-09-20,UR334,UGD334,JRO,EBB,,Y,2026-09-20,red
5X-KOB,2026-09-20,UR334,UGD334,ZNZ,JRO,Y,,,red
5X-KOB,2026-09-20,UR334,UGD334,EBB,ZNZ,,,,red
5X-KOB,2026-09-20,UR521,UGD521,MGQ,EBB,,Y,2026-09-20,green
5X-KOB,2026-09-20,UR520,UGD520,EBB,MGQ,,Y,2026-09-20,green
5X-KOB,2026-09-20,UR209,UGD209,NBO,EBB,,Y,2026-09-20,green
5X-KOB,2026-09-21,UR720,UGD720,LUN,HRE,Y,,,green
5X-KOB,2026-09-21,UR720,UGD720,EBB,LUN,,Y,2026-09-21,green
5X-KOB,2026-09-21,UR361,UGD361,BJM,EBB,,Y,2026-09-21,green
5X-KOB,2026-09-21,UR360,UGD360,EBB,BJM,,Y,2026-09-21,green
5X-KOB,2026-09-21,UR201,UGD201,NBO,EBB,,Y,2026-09-21,green
5X-KOB,2026-09-21,UR200,UGD200,EBB,NBO,,Y,2026-09-21,green
5X-KOB,2026-09-21,UR720,UGD720,HRE,EBB,,Y,2026-09-21,red
5X-KOB,2026-09-22,UR361,UGD361,BJM,EBB,,Y,2026-09-22,green
5X-KOB,2026-09-22,UR360,UGD360,EBB,BJM,,Y,2026-09-22,green
5X-KOB,2026-09-22,UR121,UGD121,JUB,EBB,,Y,2026-09-22,green
5X-KOB,2026-09-22,UR120,UGD120,EBB,JUB,,Y,2026-09-22,green
5X-KOB,2026-09-22,UR201,UGD201,NBO,EBB,,Y,2026-09-22,green
5X-KOB,2026-09-22,UR200,UGD200,EBB,NBO,,Y,2026-09-22,green
5X-KOB,2026-09-22,UR720,UGD720,HRE,EBB,,Y,2026-09-22,green
5X-KOB,2026-09-23,UR208,UGD208,EBB,NBO,,Y,2026-09-23,green
5X-KOB,2026-09-23,UR722,UGD722,LUN,EBB,,Y,2026-09-23,amber
5X-KOB,2026-09-23,UR722,UGD722,HRE,LUN,Y,Y,2026-09-23,green
5X-KOB,2026-09-23,UR722,UGD722,EBB,HRE,,Y,2026-09-23,green
5X-KOB,2026-09-23,UR123,UGD123,JUB,EBB,,Y,2026-09-23,green
5X-KOB,2026-09-23,UR122,UGD122,EBB,JUB,,Y,2026-09-23,green
5X-KOB,2026-09-24,UR712,UGD712,EBB,JNB,,Y,2026-09-24,red
5X-KOB,2026-09-24,UR121,UGD121,JUB,EBB,,Y,2026-09-24,green
5X-KOB,2026-09-24,UR120,UGD120,EBB,JUB,,Y,2026-09-24,green
5X-KOB,2026-09-24,UR209,UGD209,NBO,EBB,,Y,2026-09-24,green
5X-KOB,2026-09-25,UR720,UGD720,LUN,HRE,Y,Y,2026-09-25,green
5X-KOB,2026-09-25,UR720,UGD720,EBB,LUN,,Y,2026-09-25,green
5X-KOB,2026-09-25,UR361,UGD361,BJM,EBB,,Y,2026-09-25,green
5X-KOB,2026-09-25,UR360,UGD360,EBB,BJM,,Y,2026-09-25,green
5X-KOB,2026-09-25,UR334,UGD334,JRO,EBB,,Y,2026-09-25,green
5X-KOB,2026-09-25,UR334,UGD334,ZNZ,JRO,Y,Y,2026-09-25,green
5X-KOB,2026-09-25,UR334,UGD334,EBB,ZNZ,,Y,2026-09-25,green
5X-KOB,2026-09-25,UR713,UGD713,JNB,EBB,,Y,2026-09-25,green
5X-KOB,2026-09-26,UR201,UGD201,NBO,EBB,,Y,2026-09-26,green
5X-KOB,2026-09-26,UR200,UGD200,EBB,NBO,,Y,2026-09-26,green
5X-KOB,2026-09-26,UR720,UGD720,HRE,EBB,,Y,2026-09-26,green
5X-KOB,2026-09-27,UR343,UGD343,MBA,EBB,,Y,2026-09-27,green
5X-KOB,2026-09-27,UR342,UGD342,EBB,MBA,,Y,2026-09-27,green
5X-KOB,2026-09-27,UR121,UGD121,JUB,EBB,,Y,2026-09-27,green
5X-KOB,2026-09-27,UR120,UGD120,EBB,JUB,,Y,2026-09-27,green
5X-KOB,2026-09-27,UR521,UGD521,MGQ,EBB,,Y,2026-09-27,green
5X-KOB,2026-09-27,UR520,UGD520,EBB,MGQ,,Y,2026-09-27,green
5X-KOB,2026-09-28,UR720,UGD720,LUN,HRE,Y,Y,2026-09-29,amber
5X-KOB,2026-09-28,UR720,UGD720,EBB,LUN,,Y,2026-09-28,red
5X-KOB,2026-09-28,UR207,UGD207,NBO,EBB,,Y,2026-09-28,green
5X-KOB,2026-09-28,UR206,UGD206,EBB,NBO,,Y,2026-09-28,green
5X-KOB,2026-09-28,UR321,UGD321,DAR,EBB,,Y,2026-09-28,green
5X-KOB,2026-09-28,UR320,UGD320,EBB,DAR,,Y,2026-09-28,green
5X-KOB,2026-09-28,UR123,UGD123,JUB,EBB,,Y,2026-09-28,green
5X-KOB,2026-09-28,UR122,UGD122,EBB,JUB,,Y,2026-09-28,green
5X-KOB,2026-09-29,UR207,UGD207,NBO,EBB,,Y,2026-09-29,red
5X-KOB,2026-09-29,UR361,UGD361,BJM,EBB,,Y,2026-09-29,green
5X-KOB,2026-09-29,UR206,UGD206,EBB,NBO,,Y,2026-09-29,red
5X-KOB,2026-09-29,UR360,UGD360,EBB,BJM,,Y,2026-09-29,green
5X-KOB,2026-09-29,UR321,UGD321,DAR,EBB,,Y,2026-09-29,green
5X-KOB,2026-09-29,UR320,UGD320,EBB,DAR,,Y,2026-09-29,green
5X-KOB,2026-09-29,UR720X,UGD720,NBO,EBB,,,,grey
5X-KOB,2026-09-29,UR720,UGD720,HRE,EBB,,,,red
5X-KOB,2026-09-30,UR722,UGD722,LUN,EBB,,Y,2026-09-30,green
5X-KOB,2026-09-30,UR722,UGD722,HRE,LUN,Y,Y,2026-09-30,green
5X-KOB,2026-09-30,UR722,UGD722,EBB,HRE,,Y,2026-09-30,green
5X-KOB,2026-09-30,UR123,UGD123,JUB,EBB,,Y,2026-09-30,green
5X-KOB,2026-09-30,UR122,UGD122,EBB,JUB,,Y,2026-09-30,green
5X-NIL,2026-07-25,UR430,UGD430,EBB,BOM,,,,green
5X-NIL,2026-07-26,UR111,UGD111,LGW,EBB,,,,red
5X-NIL,2026-07-26,UR110,UGD110,EBB,LGW,,,,red
5X-NIL,2026-07-26,UR431,UGD431,BOM,EBB,,,,green
5X-NIL,2026-07-28,UR111,UGD111,LGW,EBB,,,,green
5X-NIL,2026-07-28,UR110,UGD110,EBB,LGW,,,,green
5X-NIL,2026-07-29,UR430,UGD430,EBB,BOM,,,,green
5X-NIL,2026-07-30,UR431,UGD431,BOM,EBB,,,,green
5X-NIL,2026-07-31,UR111,UGD111,LGW,EBB,,,,green
5X-NIL,2026-07-31,UR110,UGD110,EBB,LGW,,,,green
5X-NIL,2026-08-01,UR430,UGD430,EBB,BOM,,,,red
5X-NIL,2026-08-02,UR111,UGD111,LGW,EBB,,,,amber
5X-NIL,2026-08-02,UR110,UGD110,EBB,LGW,,,,green
5X-NIL,2026-08-02,UR431,UGD431,BOM,EBB,,,,green
5X-NIL,2026-08-04,UR111,UGD111,LGW,EBB,,,,green
5X-NIL,2026-08-04,UR110,UGD110,EBB,LGW,,,,green
5X-NIL,2026-08-05,UR430,UGD430,EBB,BOM,,,,amber
5X-NIL,2026-08-06,UR431,UGD431,BOM,EBB,,,,red
5X-NIL,2026-08-07,UR111,UGD111,LGW,EBB,,,,amber
5X-NIL,2026-08-07,UR110,UGD110,EBB,LGW,,,,green
5X-NIL,2026-08-08,UR430,UGD430,EBB,BOM,,,,green
5X-NIL,2026-08-09,UR111,UGD111,LGW,EBB,,,,red
5X-NIL,2026-08-09,UR110,UGD110,EBB,LGW,,,,green
5X-NIL,2026-08-09,UR431,UGD431,BOM,EBB,,,,green
5X-NIL,2026-08-11,UR111,UGD111,LGW,EBB,,,,red
5X-NIL,2026-08-11,UR110,UGD110,EBB,LGW,,,,green
5X-NIL,2026-08-12,UR430,UGD430,EBB,BOM,,,,amber
5X-NIL,2026-08-13,UR431,UGD431,BOM,EBB,,,,amber
5X-NIL,2026-08-14,UR111,UGD111,LGW,EBB,,,,green
5X-NIL,2026-08-14,UR110,UGD110,EBB,LGW,,,,green
5X-NIL,2026-08-15,UR430,UGD430,EBB,BOM,,,,green
5X-NIL,2026-08-16,UR111,UGD111,LGW,EBB,,,,amber
5X-NIL,2026-08-16,UR110,UGD110,EBB,LGW,,,,green
5X-NIL,2026-08-16,UR431,UGD431,BOM,EBB,,,,green
5X-NIL,2026-08-18,UR111,UGD111,LGW,EBB,,,,green
5X-NIL,2026-08-18,UR110,UGD110,EBB,LGW,,,,green
5X-NIL,2026-08-19,UR430,UGD430,EBB,BOM,,,,amber
5X-NIL,2026-08-20,UR431,UGD431,BOM,EBB,,,,green
5X-NIL,2026-08-21,UR111,UGD111,LGW,EBB,,,,red
5X-NIL,2026-08-21,UR110,UGD110,EBB,LGW,,,,amber
5X-NIL,2026-08-22,UR430,UGD430,EBB,BOM,,,,red
5X-NIL,2026-08-23,UR111,UGD111,LGW,EBB,,,,red
5X-NIL,2026-08-23,UR110,UGD110,EBB,LGW,,,,amber
5X-NIL,2026-08-23,UR431,UGD431,BOM,EBB,,,,green
5X-NIL,2026-08-25,UR111,UGD111,LGW,EBB,,,,green
5X-NIL,2026-08-25,UR110,UGD110,EBB,LGW,,,,green
5X-NIL,2026-08-26,UR430,UGD430,EBB,BOM,,,,red
5X-NIL,2026-08-27,UR431,UGD431,BOM,EBB,,,,amber
5X-NIL,2026-08-28,UR111,UGD111,LGW,EBB,,,,green
5X-NIL,2026-08-28,UR110,UGD110,EBB,LGW,,,,green
5X-NIL,2026-08-29,UR430,UGD430,EBB,BOM,,,,green
5X-NIL,2026-08-30,UR111,UGD111,LGW,EBB,,,,amber
5X-NIL,2026-08-30,UR110,UGD110,EBB,LGW,,Y,2026-08-30,green
5X-NIL,2026-08-30,UR431,UGD431,BOM,EBB,,Y,2026-08-30,green
5X-NIL,2026-09-01,UR111,UGD111,LGW,EBB,,Y,2026-09-01,green
5X-NIL,2026-09-01,UR110,UGD110,EBB,LGW,,Y,2026-09-01,green
5X-NIL,2026-09-02,UR430,UGD430,EBB,BOM,,Y,2026-09-02,amber
5X-NIL,2026-09-03,UR431,UGD431,BOM,EBB,,Y,2026-09-03,green
5X-NIL,2026-09-04,UR111,UGD111,LGW,EBB,,Y,2026-09-04,amber
5X-NIL,2026-09-04,UR110,UGD110,EBB,LGW,,Y,2026-09-04,amber
5X-NIL,2026-09-05,UR430,UGD430,EBB,BOM,,Y,2026-09-05,green
5X-NIL,2026-09-06,UR111,UGD111,LGW,EBB,,Y,2026-09-06,amber
5X-NIL,2026-09-06,UR110,UGD110,EBB,LGW,,Y,2026-09-06,amber
5X-NIL,2026-09-06,UR431,UGD431,BOM,EBB,,Y,2026-09-06,green
5X-NIL,2026-09-08,UR111,UGD111,LGW,EBB,,Y,2026-09-08,red
5X-NIL,2026-09-08,UR110,UGD110,EBB,LGW,,Y,2026-09-08,green
5X-NIL,2026-09-09,UR430,UGD430,EBB,BOM,,Y,2026-09-09,green
5X-NIL,2026-09-10,UR431,UGD431,BOM,EBB,,Y,2026-09-10,green
5X-NIL,2026-09-11,UR110,UGD110,EBB,LGW,,Y,2026-09-11,amber
5X-NIL,2026-09-11,UR111,UGD111,LGW,EBB,,Y,2026-09-11,amber
5X-NIL,2026-09-12,UR430,UGD430,EBB,BOM,,Y,2026-09-12,green
5X-NIL,2026-09-13,UR111,UGD111,LGW,EBB,,Y,2026-09-13,green
5X-NIL,2026-09-13,UR110,UGD110,EBB,LGW,,Y,2026-09-13,green
5X-NIL,2026-09-13,UR431,UGD431,BOM,EBB,,Y,2026-09-13,green
5X-NIL,2026-09-15,UR111,UGD111,LGW,EBB,,Y,2026-09-15,green
5X-NIL,2026-09-15,UR110,UGD110,EBB,LGW,,Y,2026-09-15,green
5X-NIL,2026-09-16,UR430,UGD430,EBB,BOM,,Y,2026-09-16,green
5X-NIL,2026-09-17,UR431,UGD431,BOM,EBB,,Y,2026-09-17,green
5X-NIL,2026-09-18,UR111,UGD111,LGW,EBB,,Y,2026-09-18,green
5X-NIL,2026-09-18,UR110,UGD110,EBB,LGW,,Y,2026-09-18,green
5X-NIL,2026-09-19,UR430,UGD430,EBB,BOM,,Y,2026-09-19,green
5X-NIL,2026-09-20,UR111,UGD111,LGW,EBB,,Y,2026-09-20,green
5X-NIL,2026-09-20,UR110,UGD110,EBB,LGW,,Y,2026-09-20,green
5X-NIL,2026-09-20,UR431,UGD431,BOM,EBB,,Y,2026-09-20,green
5X-NIL,2026-09-22,UR111,UGD111,LGW,EBB,,,,red
5X-NIL,2026-09-22,UR110,UGD110,EBB,LGW,,Y,2026-09-22,green
5X-NIL,2026-09-23,UR430,UGD430,EBB,BOM,,Y,2026-09-23,amber
5X-NIL,2026-09-24,UR431,UGD431,BOM,EBB,,Y,2026-09-24,green
5X-NIL,2026-09-25,UR111,UGD111,LGW,EBB,,Y,2026-09-25,green
5X-NIL,2026-09-25,UR110,UGD110,EBB,LGW,,Y,2026-09-25,green
5X-NIL,2026-09-26,UR430,UGD430,EBB,BOM,,Y,2026-09-26,green
5X-NIL,2026-09-27,UR111,UGD111,LGW,EBB,,Y,2026-09-27,green
5X-NIL,2026-09-27,UR110,UGD110,EBB,LGW,,Y,2026-09-27,green
5X-NIL,2026-09-27,UR431,UGD431,BOM,EBB,,Y,2026-09-27,green
5X-NIL,2026-09-29,UR111,UGD111,LGW,EBB,,Y,2026-09-29,amber
5X-NIL,2026-09-29,UR110,UGD110,EBB,LGW,,Y,2026-09-29,amber
ET-APL,2026-08-31,UR208,UGD208,EBB,NBO,,,,red
ET-APL,2026-09-01,UR712,UGD712,EBB,JNB,,Y,2026-09-01,green
ET-APL,2026-09-01,UR207,UGD207,NBO,EBB,,Y,2026-09-01,red
ET-APL,2026-09-01,UR206,UGD206,EBB,NBO,,Y,2026-09-01,green
ET-APL,2026-09-02,UR711,UGD711,JNB,EBB,,Y,2026-09-02,amber
ET-APL,2026-09-02,UR710,UGD710,EBB,JNB,,Y,2026-09-02,green
ET-APL,2026-09-02,UR713,UGD713,JNB,EBB,,Y,2026-09-02,green
ET-APL,2026-09-03,UR902,UGD902,EBB,LOS,,Y,2026-09-04,red
ET-APL,2026-09-03,UR722,UGD722,LUN,EBB,,Y,2026-09-03,red
ET-APL,2026-09-03,UR722,UGD722,HRE,LUN,Y,Y,2026-09-03,red
ET-APL,2026-09-03,UR722,UGD722,EBB,HRE,,Y,2026-09-03,amber
ET-APL,2026-09-04,UR902,UGD902,EBB,LOS,,Y,2026-09-04,red
ET-APL,2026-09-04,UR711,UGD711,JNB,EBB,,Y,2026-09-04,red
ET-APL,2026-09-04,UR710,UGD710,EBB,JNB,,Y,2026-09-04,red
ET-APL,2026-09-04,UR903,UGD903,LOS,EBB,,Y,2026-09-04,red
ET-APL,2026-09-05,UR720,UGD720,LUN,HRE,Y,Y,2026-09-05,green
ET-APL,2026-09-05,UR720,UGD720,EBB,LUN,,Y,2026-09-05,amber
ET-APL,2026-09-05,UR711,UGD711,JNB,EBB,,Y,2026-09-05,red
ET-APL,2026-09-05,UR710,UGD710,EBB,JNB,,Y,2026-09-05,red
ET-APL,2026-09-05,UR903,UGD903,LOS,EBB,,Y,2026-09-05,red
ET-APL,2026-09-06,UR712,UGD712,EBB,JNB,,Y,2026-09-06,green
ET-APL,2026-09-06,UR901,UGD901,LOS,EBB,,Y,2026-09-06,red
ET-APL,2026-09-06,UR900,UGD900,EBB,LOS,,Y,2026-09-06,amber
ET-APL,2026-09-06,UR720,UGD720,HRE,EBB,,Y,2026-09-06,green
ET-APL,2026-09-07,UR712,UGD712,EBB,JNB,,Y,2026-09-07,green
ET-APL,2026-09-07,UR901,UGD901,LOS,EBB,,Y,2026-09-07,green
ET-APL,2026-09-07,UR900,UGD900,EBB,LOS,,Y,2026-09-07,green
ET-APL,2026-09-07,UR713,UGD713,JNB,EBB,,Y,2026-09-07,green
ET-APL,2026-09-08,UR712,UGD712,EBB,JNB,,Y,2026-09-08,green
ET-APL,2026-09-08,UR722,UGD722,LUN,EBB,,Y,2026-09-08,green
ET-APL,2026-09-08,UR722,UGD722,HRE,LUN,Y,Y,2026-09-08,amber
ET-APL,2026-09-08,UR722,UGD722,EBB,HRE,,Y,2026-09-08,green
ET-APL,2026-09-08,UR713,UGD713,JNB,EBB,,Y,2026-09-08,green
ET-APL,2026-09-09,UR711,UGD711,JNB,EBB,,Y,2026-09-09,green
ET-APL,2026-09-09,UR710,UGD710,EBB,JNB,,Y,2026-09-09,green
ET-APL,2026-09-09,UR713,UGD713,JNB,EBB,,Y,2026-09-09,green
ET-APL,2026-09-10,UR902,UGD902,EBB,LOS,,Y,2026-09-10,amber
ET-APL,2026-09-10,UR722,UGD722,LUN,EBB,,Y,2026-09-10,green
ET-APL,2026-09-10,UR722,UGD722,HRE,LUN,Y,Y,2026-09-10,amber
ET-APL,2026-09-10,UR722,UGD722,EBB,HRE,,Y,2026-09-10,green
ET-APL,2026-09-11,UR711,UGD711,JNB,EBB,,Y,2026-09-11,green
ET-APL,2026-09-11,UR710,UGD710,EBB,JNB,,Y,2026-09-11,green
ET-APL,2026-09-11,UR903,UGD903,LOS,EBB,,Y,2026-09-11,green
ET-APL,2026-09-11,UR902,UGD902,EBB,LOS,,Y,2026-09-11,green
ET-APL,2026-09-12,UR710,UGD710,EBB,JNB,,Y,2026-09-12,green
ET-APL,2026-09-12,UR903,UGD903,LOS,EBB,,Y,2026-09-12,green
ET-APL,2026-09-12,UR720,UGD720,LUN,HRE,Y,Y,2026-09-13,amber
ET-APL,2026-09-12,UR720,UGD720,EBB,LUN,,Y,2026-09-12,green
ET-APL,2026-09-12,UR711,UGD711,JNB,EBB,,Y,2026-09-12,green
ET-APL,2026-09-13,UR712,UGD712,EBB,JNB,,Y,2026-09-13,green
ET-APL,2026-09-13,UR901,UGD901,LOS,EBB,,Y,2026-09-13,green
ET-APL,2026-09-13,UR900,UGD900,EBB,LOS,,Y,2026-09-13,green
ET-APL,2026-09-13,UR720,UGD720,HRE,EBB,,Y,2026-09-13,green
ET-APL,2026-09-14,UR712,UGD712,EBB,JNB,,Y,2026-09-14,green
ET-APL,2026-09-14,UR901,UGD901,LOS,EBB,,Y,2026-09-14,green
ET-APL,2026-09-14,UR900,UGD900,EBB,LOS,,Y,2026-09-14,green
ET-APL,2026-09-14,UR713,UGD713,JNB,EBB,,Y,2026-09-14,green
ET-APL,2026-09-15,UR712,UGD712,EBB,JNB,,Y,2026-09-15,green
ET-APL,2026-09-15,UR722,UGD722,LUN,EBB,,Y,2026-09-15,green
ET-APL,2026-09-15,UR722,UGD722,HRE,LUN,Y,Y,2026-09-15,green
ET-APL,2026-09-15,UR722,UGD722,EBB,HRE,,,,green
ET-APL,2026-09-15,UR713,UGD713,JNB,EBB,,Y,2026-09-15,green
ET-APL,2026-09-16,UR208,UGD208,EBB,NBO,,Y,2026-09-16,amber
ET-APL,2026-09-16,UR722,UGD722,LUN,EBB,,Y,2026-09-16,green
ET-APL,2026-09-16,UR722,UGD722,HRE,LUN,Y,Y,2026-09-16,green
ET-APL,2026-09-16,UR722,UGD722,EBB,HRE,,Y,2026-09-16,green
ET-APL,2026-09-16,UR713,UGD713,JNB,EBB,,Y,2026-09-16,green
ET-APL,2026-09-17,UR902,UGD902,EBB,LOS,,Y,2026-09-17,amber
ET-APL,2026-09-17,UR722,UGD722,LUN,EBB,,Y,2026-09-17,green
ET-APL,2026-09-17,UR722,UGD722,HRE,LUN,Y,Y,2026-09-17,green
ET-APL,2026-09-17,UR722,UGD722,EBB,HRE,,Y,2026-09-17,green
ET-APL,2026-09-17,UR209,UGD209,NBO,EBB,,Y,2026-09-17,amber
ET-APL,2026-09-17,UR720,UGD720,LUN,HRE,Y,,,amber
ET-APL,2026-09-18,UR902,UGD902,EBB,LOS,,Y,2026-09-18,amber
ET-APL,2026-09-18,UR711,UGD711,JNB,EBB,,Y,2026-09-18,red
ET-APL,2026-09-18,UR710,UGD710,EBB,JNB,,Y,2026-09-18,red
ET-APL,2026-09-18,UR903,UGD903,LOS,EBB,,Y,2026-09-18,amber
ET-APL,2026-09-19,UR720,UGD720,LUN,HRE,Y,Y,2026-09-20,green
ET-APL,2026-09-19,UR720,UGD720,EBB,LUN,,Y,2026-09-19,green
ET-APL,2026-09-19,UR711,UGD711,JNB,EBB,,Y,2026-09-19,red
ET-APL,2026-09-19,UR710,UGD710,EBB,JNB,,Y,2026-09-19,amber
ET-APL,2026-09-19,UR903,UGD903,LOS,EBB,,Y,2026-09-19,amber
ET-APL,2026-09-20,UR712,UGD712,EBB,JNB,,Y,2026-09-20,green
ET-APL,2026-09-20,UR901,UGD901,LOS,EBB,,Y,2026-09-20,green
ET-APL,2026-09-20,UR900,UGD900,EBB,LOS,,,,green
ET-APL,2026-09-20,UR720,UGD720,HRE,EBB,,,,green
ET-APL,2026-09-21,UR712,UGD712,EBB,JNB,,Y,2026-09-21,green
ET-APL,2026-09-21,UR901,UGD901,LOS,EBB,,Y,2026-09-21,green
ET-APL,2026-09-21,UR900,UGD900,EBB,LOS,,Y,2026-09-21,green
ET-APL,2026-09-21,UR713,UGD713,JNB,EBB,,Y,2026-09-21,green
ET-APL,2026-09-22,UR712,UGD712,EBB,JNB,,Y,2026-09-22,green
ET-APL,2026-09-22,UR722,UGD722,LUN,EBB,,Y,2026-09-22,green
ET-APL,2026-09-22,UR722,UGD722,HRE,LUN,Y,,,green
ET-APL,2026-09-22,UR722,UGD722,EBB,HRE,,Y,2026-09-22,green
ET-APL,2026-09-22,UR713,UGD713,JNB,EBB,,Y,2026-09-22,green
ET-APL,2026-09-23,UR322,UGD322,EBB,DAR,,Y,2026-09-23,green
ET-APL,2026-09-23,UR711,UGD711,JNB,EBB,,Y,2026-09-23,amber
ET-APL,2026-09-23,UR710,UGD710,EBB,JNB,,Y,2026-09-23,green
ET-APL,2026-09-23,UR713,UGD713,JNB,EBB,,Y,2026-09-23,green
ET-APL,2026-09-24,UR902,UGD902,EBB,LOS,,Y,2026-09-25,red
ET-APL,2026-09-24,UR722,UGD722,LUN,EBB,,Y,2026-09-24,red
ET-APL,2026-09-24,UR722,UGD722,HRE,LUN,Y,Y,2026-09-24,red
ET-APL,2026-09-24,UR722,UGD722,EBB,HRE,,Y,2026-09-24,green
ET-APL,2026-09-24,UR323,UGD323,DAR,EBB,,Y,2026-09-24,green
ET-APL,2026-09-25,UR902,UGD902,EBB,LOS,,Y,2026-09-25,red
ET-APL,2026-09-25,UR711,UGD711,JNB,EBB,,Y,2026-09-25,red
ET-APL,2026-09-25,UR710,UGD710,EBB,JNB,,Y,2026-09-25,red
ET-APL,2026-09-25,UR903,UGD903,LOS,EBB,,Y,2026-09-25,red
ET-APL,2026-09-26,UR720,UGD720,LUN,HRE,Y,Y,2026-09-27,green
ET-APL,2026-09-26,UR720,UGD720,EBB,LUN,,Y,2026-09-26,amber
ET-APL,2026-09-26,UR711,UGD711,JNB,EBB,,Y,2026-09-26,red
ET-APL,2026-09-26,UR710,UGD710,EBB,JNB,,Y,2026-09-26,red
ET-APL,2026-09-26,UR903,UGD903,LOS,EBB,,Y,2026-09-26,red
ET-APL,2026-09-27,UR712,UGD712,EBB,JNB,,Y,2026-09-27,green
ET-APL,2026-09-27,UR321,UGD321,DAR,EBB,,,,red
ET-APL,2026-09-27,UR320,UGD320,EBB,DAR,,,,grey
ET-APL,2026-09-27,UR201,UGD201,NBO,EBB,,Y,2026-09-27,green
ET-APL,2026-09-27,UR200,UGD200,EBB,NBO,,Y,2026-09-27,green
ET-APL,2026-09-27,UR720,UGD720,HRE,EBB,,Y,2026-09-27,green
ET-APL,2026-09-28,UR712,UGD712,EBB,JNB,,Y,2026-09-28,green
ET-APL,2026-09-28,UR901,UGD901,LOS,EBB,,Y,2026-09-28,amber
ET-APL,2026-09-28,UR900,UGD900,EBB,LOS,,Y,2026-09-28,green
ET-APL,2026-09-28,UR713,UGD713,JNB,EBB,,Y,2026-09-28,green
ET-APL,2026-09-29,UR712,UGD712,EBB,JNB,,Y,2026-09-29,green
ET-APL,2026-09-29,UR722,UGD722,LUN,EBB,,Y,2026-09-29,green
ET-APL,2026-09-29,UR722,UGD722,HRE,LUN,Y,Y,2026-09-29,green
ET-APL,2026-09-29,UR722,UGD722,EBB,HRE,,Y,2026-09-29,green
ET-APL,2026-09-29,UR713,UGD713,JNB,EBB,,Y,2026-09-29,green
ET-APL,2026-09-30,UR711,UGD711,JNB,EBB,,Y,2026-09-30,amber
ET-APL,2026-09-30,UR710,UGD710,EBB,JNB,,Y,2026-09-30,amber
ET-APL,2026-09-30,UR713,UGD713,JNB,EBB,,Y,2026-09-30,green
