file,flight,date_local,origin,dest,dep_rwy,dep_rwy_hdg,arr_rwy,arr_rwy_hdg,dep_metar,dep_wind_from,dep_wind_kt,dep_gust_kt,dep_vis_sm,dep_wx,dep_temp_c,dep_headwind_kt,dep_crosswind_kt,dep_wind_favours,arr_metar,arr_wind_from,arr_wind_kt,arr_gust_kt,arr_vis_sm,arr_wx,arr_temp_c,arr_headwind_kt,arr_crosswind_kt,arr_wind_favours,dep_qnh_inhg
UR720-4172c560.csv,UGD720,01SEP26,HRE,EBB,05,46.0,17,172.1,03:00,80.0,5.0,,6.21,M,14.0,4.1,2.8,05,02:30,120.0,12.0,,6.21,M,25.0,7.4,-9.5,12,30.33
UR713-4172e265.csv,UGD713,01SEP26,JNB,EBB,21L,194.0,17,172.1,00:00,130.0,6.0,,6.21,M,13.0,2.6,-5.4,21R,04:30,160.0,5.0,,6.21,M,25.0,4.9,-1.0,17,30.39
UR520-41730ef2.csv,UGD520,01SEP26,EBB,MGQ,17,172.1,,,02:00,120.0,12.0,,6.21,M,25.0,7.4,-9.5,12,03:00,,3.0,,6.21,M,25.0,,,,30.03
UR207-4173413d.csv,UGD207D,01SEP26,NBO,EBB,06,54.0,17,172.1,04:00,360.0,4.0,,6.21,M,14.0,2.4,-3.2,06,04:30,160.0,5.0,,6.21,M,25.0,4.9,-1.0,17,30.3
UR521-41738635.csv,UGD521,01SEP26,MGQ,EBB,,,17,172.1,06:00,220.0,12.0,,6.21,M,27.0,,,,07:00,170.0,10.0,,6.21,M,28.0,10.0,-0.4,17,30.03
UR110-4173c002.csv,UGD110,01SEP26,EBB,LGW,,,26L,258.0,07:00,170.0,10.0,,6.21,M,28.0,,,,15:20,230.0,8.0,,6.21,M,21.0,7.1,-3.8,26R,30.15
UR320-4173e8c5.csv,UGD320,01SEP26,EBB,DAR,17,172.1,23,225.0,07:00,170.0,10.0,,6.21,M,28.0,10.0,-0.4,17,10:00,140.0,13.0,,6.21,M,31.0,1.1,-13.0,14,30.15
UR722-417431eb.csv,UGD722,01SEP26,EBB,HRE,17,172.1,23,226.0,10:30,160.0,15.0,,6.21,M,28.0,14.7,-3.1,17,13:00,90.0,5.0,16.0,6.21,M,27.0,-3.6,-3.5,05,30.09
UR321-4174518e.csv,UGD321,01SEP26,DAR,EBB,23,225.0,17,172.1,11:00,150.0,12.0,,6.21,M,32.0,3.1,-11.6,14,12:30,170.0,10.0,,6.21,M,28.0,10.0,-0.4,17,30.09
UR360-4174ea44.csv,UGD360,01SEP26,EBB,BJM,17,172.1,17,172.0,14:00,200.0,10.0,,6.21,M,27.0,8.8,4.7,17,14:00,,,,6.21,M,31.0,,,,30.03
UR722-41752346.csv,UGD722,01SEP26,HRE,LUN,05,46.0,10,95.2,15:00,70.0,6.0,,6.21,M,25.0,5.5,2.4,05,15:00,110.0,12.0,,5.59,M,28.0,11.6,3.1,10,30.27
UR206-41752255.csv,UGD206,01SEP26,EBB,NBO,17,172.1,06,54.0,15:00,210.0,10.0,,6.21,M,27.0,7.9,6.1,17,16:00,110.0,9.0,,6.21,M,22.0,5.0,7.5,06,30.03
UR361-41754361.csv,UGD361,01SEP26,BJM,EBB,17,172.0,17,172.1,15:00,180.0,8.0,,6.21,M,30.0,7.9,1.1,17,16:00,180.0,6.0,,6.21,M,25.0,5.9,0.8,17,29.91
UR722-41759bd9.csv,UGD722,01SEP26,LUN,EBB,10,95.2,17,172.1,15:00,110.0,12.0,,5.59,M,28.0,11.6,3.1,10,19:30,270.0,5.0,,6.21,M,23.0,-0.7,5.0,30,30.15
UR207-4175b03e.csv,UGD207,01SEP26,NBO,EBB,06,54.0,17,172.1,17:00,120.0,6.0,,6.21,M,19.0,2.4,5.5,06,18:30,250.0,6.0,,6.21,M,24.0,1.3,5.9,30,30.24
UR111-4175ff27.csv,UGD111,01SEP26,LGW,EBB,26L,258.0,17,172.1,19:20,220.0,5.0,,6.21,M,18.0,3.9,-3.1,26R,03:30,110.0,12.0,,6.21,M,24.0,5.6,-10.6,12,30.12
UR712-41762996.csv,UGD712,01SEP26,EBB,JNB,17,172.1,03R,14.0,20:00,270.0,5.0,,6.21,M,23.0,-0.7,5.0,30,00:00,360.0,6.0,,6.21,M,14.0,5.8,-1.5,03L,30.06
UR713-4176f826.csv,UGD713,02SEP26,JNB,EBB,03R,14.0,17,172.1,00:00,360.0,6.0,,6.21,M,14.0,5.8,-1.5,03L,05:00,110.0,14.0,,6.21,M,25.0,6.6,-12.4,12,30.39
UR122-417764c7.csv,UGD122,02SEP26,EBB,JUB,17,172.1,31,310.0,04:00,110.0,14.0,,6.21,M,24.0,6.6,-12.4,12,,,,,,,,,,,30.09
UR200-417784a4.csv,UGD200,02SEP26,EBB,NBO,17,172.1,06,54.0,05:00,110.0,14.0,,6.21,M,25.0,6.6,-12.4,12,06:00,,6.0,,6.21,M,17.0,,,,30.09
UR123-4177ab0d.csv,UGD123,02SEP26,JUB,EBB,31,310.0,17,172.1,,,,,,,,,,,07:00,80.0,10.0,,6.21,M,27.0,-0.4,-10.0,12,
UR710-4177b015.csv,UGD710,02SEP26,EBB,JNB,17,172.1,03R,14.0,06:30,80.0,12.0,,6.21,M,27.0,-0.4,-12.0,12,10:30,360.0,10.0,,6.21,M,25.0,9.7,-2.4,03L,30.15
UR201-4177c828.csv,UGD201,02SEP26,NBO,EBB,06,54.0,17,172.1,07:00,150.0,6.0,,6.21,M,18.0,-0.6,6.0,24,08:00,120.0,10.0,,6.21,M,27.0,6.1,-7.9,12,30.36
UR722-41780e53.csv,UGD722,02SEP26,EBB,HRE,17,172.1,23,226.0,09:00,160.0,10.0,,6.21,M,28.0,9.8,-2.1,17,11:00,120.0,5.0,20.0,6.21,M,25.0,-1.4,-4.8,05,30.12
UR120-41780ef3.csv,UGD120,02SEP26,EBB,JUB,17,172.1,13,130.0,09:00,160.0,10.0,,6.21,M,28.0,9.8,-2.1,17,,,,,,,,,,,30.12
UR334-417819cd.csv,UGD334,02SEP26,EBB,ZNZ,17,172.1,18,174.0,09:30,160.0,9.0,,6.21,M,28.0,8.8,-1.9,17,11:00,130.0,11.0,,6.21,M,30.0,7.9,-7.6,18,30.12
UR121-41785f0d.csv,UGD121,02SEP26,JUB,EBB,13,130.0,17,172.1,,,,,,,,,,,12:00,180.0,10.0,,6.21,M,28.0,9.9,1.4,17,
UR334-417886db.csv,UGD334,02SEP26,ZNZ,JRO,18,174.0,09,87.0,12:00,130.0,10.0,,6.21,M,29.0,7.2,-6.9,18,12:00,,6.0,,6.21,M,27.0,,,,30.0
UR711-41788bdf.csv,UGD711,02SEP26,JNB,EBB,03L,14.0,17,172.1,12:00,360.0,14.0,,6.21,M,26.0,13.6,-3.4,03L,16:00,180.0,4.0,,6.21,M,25.0,4.0,0.5,17,30.3
UR722-4178cb61.csv,UGD722,02SEP26,HRE,LUN,23,226.0,10,95.2,13:00,,5.0,,6.21,M,25.0,,,,12:00,60.0,10.0,,5.59,M,28.0,8.2,-5.8,10,30.27
UR360-4178e32f.csv,UGD360,02SEP26,EBB,BJM,17,172.1,17,172.0,13:30,180.0,7.0,,6.21,M,28.0,6.9,1.0,17,12:00,180.0,14.0,,6.21,M,33.0,13.9,1.9,17,30.03
UR334-4178f107.csv,UGD334,02SEP26,JRO,EBB,09,87.0,17,172.1,13:00,70.0,8.0,,6.21,M,28.0,7.7,-2.3,09,14:30,180.0,6.0,,6.21,M,27.0,5.9,0.8,17,30.12
UR722-41793b26.csv,UGD722,02SEP26,LUN,EBB,10,95.2,17,172.1,15:00,130.0,12.0,,4.97,M,27.0,9.9,6.8,15,17:00,210.0,5.0,,6.21,M,24.0,3.9,3.1,17,30.12
UR361-41794f1d.csv,UGD361,02SEP26,BJM,EBB,17,172.0,17,172.1,,,,,,,,,,,16:00,180.0,4.0,,6.21,M,25.0,4.0,0.5,17,
UR342-4179a966.csv,UGD342,02SEP26,EBB,MBA,17,172.1,21,209.0,17:00,210.0,5.0,,6.21,M,24.0,3.9,3.1,17,18:00,160.0,6.0,,6.21,M,25.0,3.9,-4.5,15,30.03
UR430-4179f0a0.csv,UGD430,02SEP26,EBB,BOM,17,172.1,27,269.0,18:30,200.0,2.0,,6.21,M,23.0,1.8,0.9,,00:30,240.0,4.0,,1.86,BR,28.0,3.5,-1.9,27,30.03
UR322-417a1000.csv,UGD322,02SEP26,EBB,DAR,17,172.1,23,225.0,19:00,350.0,3.0,,6.21,M,23.0,-3.0,0.1,35,20:30,160.0,4.0,,6.21,M,23.0,1.7,-3.6,14,30.06
UR208-417a1e38.csv,UGD208,02SEP26,EBB,NBO,17,172.1,06,54.0,19:00,350.0,3.0,,6.21,M,23.0,-3.0,0.1,35,20:00,50.0,3.0,,6.21,M,15.0,3.0,-0.2,06,30.06
UR343-417a332c.csv,UGD343,02SEP26,MBA,EBB,21,209.0,17,172.1,19:30,260.0,3.0,,6.21,M,24.0,1.9,2.3,21,21:00,0.0,0.0,,6.21,M,22.0,-0.0,-0.0,,30.06
UR209-417a83ba.csv,UGD209,03SEP26,NBO,EBB,06,54.0,17,172.1,21:30,10.0,6.0,,6.21,M,15.0,4.3,-4.2,06,22:00,0.0,0.0,,6.21,M,22.0,-0.0,-0.0,,30.27
UR323-417a85db.csv,UGD323,03SEP26,DAR,EBB,23,225.0,17,172.1,21:30,150.0,4.0,,6.21,M,23.0,1.0,-3.9,14,22:30,0.0,0.0,,6.21,M,22.0,-0.0,-0.0,,30.06
UR431-417b497a.csv,UGD431,03SEP26,BOM,EBB,27,269.0,17,172.1,03:00,230.0,9.0,20.0,1.86,-SHRA,29.0,7.0,-5.7,27,09:00,140.0,2.0,,6.21,M,29.0,1.7,-1.1,,29.8
UR200-417b918b.csv,UGD200,03SEP26,EBB,NBO,17,172.1,06,54.0,04:30,60.0,3.0,,5.59,M,22.0,-1.1,-2.8,12,05:30,,2.0,,6.21,M,16.0,,,,30.06
UR201-417bd90e.csv,UGD201,03SEP26,NBO,EBB,06,54.0,17,172.1,07:00,,2.0,,6.21,M,17.0,,,,07:00,360.0,3.0,,5.59,M,28.0,-3.0,-0.4,35,30.3
UR722-417c552e.csv,UGD722,03SEP26,EBB,HRE,17,172.1,05,46.0,10:30,160.0,7.0,,6.21,M,30.0,6.8,-1.5,17,13:00,50.0,6.0,,5.59,M,26.0,6.0,0.4,05,30.06
UR120-417c6db7.csv,UGD120,03SEP26,EBB,JUB,17,172.1,13,130.0,10:30,160.0,7.0,,6.21,M,30.0,6.8,-1.5,17,,,,,,,,,,,30.06
UR121-417cddad.csv,UGD121,03SEP26,JUB,EBB,13,130.0,17,172.1,,,,,,,,,,,13:30,180.0,11.0,,6.21,M,28.0,10.9,1.5,17,
UR360-417cfd0a.csv,UGD360,03SEP26,EBB,BJM,17,172.1,17,172.0,13:30,180.0,11.0,,6.21,M,28.0,10.9,1.5,17,14:00,180.0,14.0,,6.21,M,30.0,13.9,1.9,17,29.97
UR722-417cf7db.csv,UGD722,03SEP26,HRE,LUN,05,46.0,10,95.2,15:00,70.0,7.0,,5.59,M,24.0,6.4,2.8,05,14:00,,4.0,,4.97,M,29.0,,,,30.12
UR361-417d6a6a.csv,UGD361,03SEP26,BJM,EBB,17,172.0,17,172.1,15:00,180.0,16.0,,6.21,M,30.0,15.8,2.2,17,16:00,140.0,6.0,,6.21,M,26.0,5.1,-3.2,12,29.85
UR722-417db548.csv,UGD722,03SEP26,LUN,EBB,10,95.2,17,172.1,14:00,,4.0,,4.97,M,29.0,,,,19:00,180.0,4.0,,6.21,M,24.0,4.0,0.5,17,30.03
UR322-417e1d45.csv,UGD322,03SEP26,EBB,DAR,17,172.1,05,45.0,18:30,180.0,4.0,,6.21,M,24.0,4.0,0.5,17,20:00,140.0,5.0,,6.21,M,23.0,-0.4,5.0,14,30.0
UR208-417e2cfc.csv,UGD208,03SEP26,EBB,NBO,17,172.1,06,54.0,19:00,180.0,4.0,,6.21,M,24.0,4.0,0.5,17,20:00,70.0,9.0,,6.21,M,17.0,8.7,2.5,06,30.0
UR902-417e77f4.csv,UGD902,04SEP26,EBB,LOS,17,172.1,18R,180.0,20:30,210.0,4.0,,6.21,M,24.0,3.2,2.5,17,01:00,,2.0,,6.21,M,25.0,,,,30.03
UR209-417e92a9.csv,UGD209,04SEP26,NBO,EBB,06,54.0,17,172.1,21:00,40.0,7.0,,6.21,M,16.0,6.8,-1.7,06,22:00,320.0,3.0,,6.21,M,23.0,-2.5,1.6,30,30.21
UR323-417e9f66.csv,UGD323,04SEP26,DAR,EBB,05,45.0,17,172.1,21:00,170.0,2.0,,6.21,M,22.0,-1.1,1.6,,23:00,290.0,3.0,,6.21,M,22.0,-1.4,2.7,30,30.03
UR520-417f5329.csv,UGD520,04SEP26,EBB,MGQ,17,172.1,,,02:00,350.0,5.0,,6.21,M,21.0,-5.0,0.2,35,03:00,210.0,15.0,,6.21,M,25.0,,,,29.97
UR903-417f62b7.csv,UGD903,04SEP26,LOS,EBB,18R,180.0,17,172.1,02:00,,2.0,,6.21,M,25.0,,,,06:30,360.0,4.0,,5.59,M,26.0,-4.0,-0.5,35,29.97
UR200-417fae7e.csv,UGD200,04SEP26,EBB,NBO,17,172.1,06,54.0,04:30,350.0,3.0,,5.59,M,20.0,-3.0,0.1,35,05:30,230.0,3.0,,6.21,M,15.0,-3.0,0.2,24,30.06
UR334-417fd52c.csv,UGD334,04SEP26,EBB,ZNZ,17,172.1,18,174.0,06:00,360.0,2.0,,4.97,M,25.0,-2.0,-0.3,,06:00,220.0,7.0,,6.21,M,25.0,4.9,5.0,18,30.09
UR521-417fcc42.csv,UGD521,04SEP26,MGQ,EBB,,,17,172.1,06:00,210.0,15.0,,6.21,M,28.0,,,,07:30,330.0,2.0,,5.59,M,28.0,-1.9,0.8,,29.97
UR201-417ff073.csv,UGD201,04SEP26,NBO,EBB,06,54.0,17,172.1,07:00,,2.0,,6.21,M,19.0,,,,07:30,330.0,2.0,,5.59,M,28.0,-1.9,0.8,,30.27
UR334-4180248a.csv,UGD334,04SEP26,ZNZ,JRO,18,174.0,09,87.0,08:00,210.0,7.0,,6.21,M,27.0,5.7,4.1,18,09:00,90.0,7.0,,6.21,M,24.0,7.0,0.4,09,30.06
UR710-41801c3b.csv,UGD710,04SEP26,EBB,JNB,17,172.1,21L,194.0,08:30,180.0,3.0,,6.21,M,29.0,3.0,0.4,17,12:30,170.0,8.0,,6.21,VCTS,12.0,7.3,-3.3,21R,30.09
UR110-4180268d.csv,UGD110,04SEP26,EBB,LGW,17,172.1,26L,258.0,08:30,180.0,3.0,,6.21,M,29.0,3.0,0.4,17,16:50,250.0,10.0,,6.21,M,19.0,9.9,-1.4,26R,30.09
UR334-4180775f.csv,UGD334,04SEP26,JRO,EBB,09,87.0,17,172.1,10:30,70.0,7.0,,6.21,M,27.0,6.7,-2.0,09,11:30,170.0,14.0,,6.21,M,30.0,14.0,-0.5,17,30.12
UR120-4180920f.csv,UGD120,04SEP26,EBB,JUB,17,172.1,13,130.0,11:00,150.0,12.0,,6.21,M,30.0,11.1,-4.5,17,,,,,,,,,,,30.0
UR121-4180fd53.csv,UGD121,04SEP26,JUB,EBB,13,130.0,17,172.1,,,,,,,,,,,14:00,140.0,7.0,,6.21,M,27.0,5.9,-3.7,12,
UR360-4181197a.csv,UGD360,04SEP26,EBB,BJM,17,172.1,17,172.0,13:30,140.0,8.0,,6.21,M,27.0,6.8,-4.3,12,14:00,180.0,22.0,,5.59,M,30.0,21.8,3.1,17,29.94
UR711-41813ab4.csv,UGD711,04SEP26,JNB,EBB,21R,194.0,17,172.1,14:00,120.0,18.0,,6.21,M,13.0,5.0,-17.3,21R,18:00,110.0,6.0,,6.21,M,25.0,2.8,-5.3,12,30.15
UR206-418165b0.csv,UGD206,04SEP26,EBB,NBO,17,172.1,06,54.0,14:30,130.0,8.0,,6.21,M,27.0,5.9,-5.4,12,15:30,80.0,13.0,,6.21,M,22.0,11.7,5.7,06,29.94
UR361-41818775.csv,UGD361,04SEP26,BJM,EBB,17,172.0,17,172.1,15:00,180.0,22.0,,5.59,M,29.0,21.8,3.1,17,16:00,130.0,9.0,,6.21,M,26.0,6.7,-6.0,12,29.83
UR342-41819339.csv,UGD342,04SEP26,EBB,MBA,17,172.1,21,209.0,15:30,120.0,10.0,,6.21,M,27.0,6.1,-7.9,12,17:00,140.0,7.0,,6.21,M,25.0,2.5,-6.5,15,29.94
UR207-4181d8cb.csv,UGD207,04SEP26,NBO,EBB,06,54.0,17,172.1,16:00,90.0,12.0,,6.21,M,21.0,9.7,7.1,06,17:30,130.0,5.0,,6.21,M,25.0,3.7,-3.4,12,30.18
UR343-41821bed.csv,UGD343,04SEP26,MBA,EBB,21,209.0,17,172.1,18:00,140.0,6.0,,6.21,M,25.0,2.2,-5.6,15,19:30,160.0,3.0,,6.21,M,24.0,2.9,-0.6,17,29.97
UR720-418217cc.csv,UGD720,04SEP26,EBB,LUN,17,172.1,10,95.2,18:00,110.0,6.0,,6.21,M,25.0,2.8,-5.3,12,,,,,,,,,,,29.97
UR322-4182471c.csv,UGD322,04SEP26,EBB,DAR,17,172.1,05,45.0,19:00,160.0,3.0,,6.21,M,24.0,2.9,-0.6,17,20:30,110.0,5.0,,6.21,M,24.0,2.1,4.5,14,30.0
UR111-41824e5d.csv,UGD111,04SEP26,LGW,EBB,26L,258.0,17,172.1,19:20,280.0,11.0,,6.21,M,17.0,10.2,4.1,26R,03:30,40.0,5.0,,6.21,M,21.0,-3.4,-3.7,35,30.06
UR902-418298cd.csv,UGD902,04SEP26,EBB,LOS,,,18R,180.0,20:30,0.0,0.0,,6.21,M,24.0,,,,01:00,170.0,3.0,,6.21,M,25.0,3.0,-0.5,18L,30.03
UR323-4182b881.csv,UGD323,05SEP26,DAR,EBB,05,45.0,17,172.1,21:00,100.0,6.0,,6.21,M,24.0,3.4,4.9,14,23:00,0.0,0.0,,6.21,M,23.0,-0.0,-0.0,,30.03
UR720-418311f2.csv,UGD720,05SEP26,HRE,EBB,05,46.0,17,172.1,23:00,90.0,9.0,,5.59,M,20.0,6.5,6.3,05,02:00,30.0,5.0,,6.21,M,21.0,-3.9,-3.1,35,30.18
UR520-41836393.csv,UGD520,05SEP26,EBB,MGQ,17,172.1,,,01:00,30.0,5.0,,6.21,M,21.0,-3.9,-3.1,35,03:00,220.0,17.0,,6.21,M,25.0,,,,30.0
UR903-41837427.csv,UGD903,05SEP26,LOS,EBB,18R,180.0,17,172.1,02:00,,2.0,,6.21,M,25.0,,,,06:30,20.0,3.0,,5.59,M,26.0,-2.7,-1.4,35,29.94
UR200-4183c10c.csv,UGD200,05SEP26,EBB,NBO,35,352.11,06,54.0,05:00,360.0,13.0,,6.21,M,22.0,12.9,1.8,35,05:30,,2.0,,6.21,M,17.0,,,,30.06
UR521-4183ce5c.csv,UGD521,05SEP26,MGQ,EBB,,,17,172.1,05:00,230.0,9.0,,6.21,M,27.0,,,,07:30,110.0,3.0,,6.21,M,29.0,1.4,-2.7,12,29.97
UR201-41840565.csv,UGD201,05SEP26,NBO,EBB,06,54.0,17,172.1,07:00,,3.0,,6.21,M,21.0,,,,08:00,110.0,8.0,,6.21,M,29.0,3.7,-7.1,12,30.27
UR710-418421df.csv,UGD710,05SEP26,EBB,JNB,17,172.1,03R,14.0,08:00,110.0,8.0,,6.21,M,29.0,3.7,-7.1,12,12:00,30.0,20.0,,6.21,M,15.0,19.2,5.5,03L,30.09
UR722-41846f6f.csv,UGD722,05SEP26,EBB,HRE,17,172.1,05,46.0,10:00,170.0,10.0,,6.21,M,29.0,10.0,-0.4,17,12:00,60.0,10.0,,1.86,HZ,27.0,9.7,2.4,05,30.03
UR120-41847582.csv,UGD120,05SEP26,EBB,JUB,17,172.1,13,130.0,10:00,170.0,10.0,,6.21,M,29.0,10.0,-0.4,17,,,,,,,,,,,30.03
UR430-41849343.csv,UGD430,05SEP26,EBB,BOM,17,172.1,27,269.0,11:00,210.0,10.0,,6.21,M,29.0,7.9,6.1,17,17:30,210.0,3.0,,1.55,BR,27.0,1.5,-2.6,27,30.0
UR121-4184d091.csv,UGD121,05SEP26,JUB,EBB,13,130.0,17,172.1,,,,,,,,,,,13:00,140.0,10.0,,6.21,M,29.0,8.5,-5.3,12,
UR711-41850d68.csv,UGD711,05SEP26,JNB,EBB,03L,14.0,17,172.1,13:30,10.0,18.0,,6.21,M,15.0,18.0,-1.3,03L,17:00,180.0,3.0,,6.21,M,26.0,3.0,0.4,17,30.24
UR722-418530c8.csv,UGD722,05SEP26,HRE,LUN,05,46.0,10,95.2,14:00,100.0,9.0,,1.86,HZ,26.0,5.3,7.3,05,14:00,200.0,4.0,,4.97,TS HZ,25.0,-1.0,3.9,15,30.18
UR722-41858892.csv,UGD722,05SEP26,LUN,EBB,10,95.2,17,172.1,14:00,200.0,4.0,,4.97,TS HZ,25.0,-1.0,3.9,15,18:00,240.0,3.0,,6.21,M,24.0,1.1,2.8,30,30.12
UR720-41861399.csv,UGD720,05SEP26,EBB,LUN,17,172.1,10,95.2,18:30,260.0,4.0,,6.21,M,24.0,0.1,4.0,30,,,,,,,,,,,29.94
UR208-41862a43.csv,UGD208,05SEP26,EBB,NBO,17,172.1,06,54.0,19:00,310.0,4.0,,6.21,M,24.0,-3.0,2.7,30,19:30,70.0,8.0,,6.21,M,19.0,7.7,2.2,06,29.97
UR322-41863182.csv,UGD322,05SEP26,EBB,DAR,17,172.1,05,45.0,19:00,310.0,4.0,,6.21,M,24.0,-3.0,2.7,30,20:00,140.0,3.0,,6.21,M,22.0,-0.3,3.0,14,29.97
UR431-41864480.csv,UGD431,06SEP26,BOM,EBB,27,269.0,35,352.11,20:00,140.0,3.0,,1.86,BR,27.0,-1.9,-2.3,14,01:30,360.0,10.0,,5.59,-RA,22.0,9.9,1.4,35,29.85
UR209-41868450.csv,UGD209,06SEP26,NBO,EBB,06,54.0,17,172.1,20:00,60.0,8.0,,6.21,M,18.0,8.0,0.8,06,22:00,330.0,6.0,,5.59,M,23.0,-5.6,2.3,35,30.24
UR720-41868c7a.csv,UGD720,05SEP26,LUN,HRE,10,95.2,05,46.0,,,,,,,,,,,,,,,,,,,,,
UR323-4186910e.csv,UGD323,06SEP26,DAR,EBB,05,45.0,35,352.11,21:00,170.0,4.0,,6.21,M,21.0,-2.3,3.3,14,23:00,360.0,8.0,,5.59,M,22.0,7.9,1.1,35,30.03
UR720-4186bf6c.csv,UGD720,06SEP26,HRE,EBB,05,46.0,35,352.11,23:00,80.0,5.0,,1.86,HZ,17.0,4.1,2.8,05,02:00,320.0,10.0,,5.59,M,22.0,8.5,-5.3,30,30.27
UR520-41871519.csv,UGD520,06SEP26,EBB,MGQ,35,352.11,,,02:00,320.0,10.0,,5.59,M,22.0,8.5,-5.3,30,04:00,210.0,7.0,,6.21,M,26.0,,,,30.0
UR200-41876032.csv,UGD200,06SEP26,EBB,NBO,17,172.1,06,54.0,04:30,340.0,2.0,,5.59,M,23.0,-2.0,0.4,,05:30,,2.0,,6.21,M,17.0,,,,30.06
UR334-418787fa.csv,UGD334,06SEP26,EBB,ZNZ,17,172.1,18,174.0,06:00,0.0,0.0,,5.59,M,24.0,-0.0,-0.0,,07:00,190.0,8.0,,,M,26.0,7.7,2.2,18,30.09
UR521-41877c32.csv,UGD521,06SEP26,MGQ,EBB,,,17,172.1,06:00,220.0,9.0,,6.21,M,25.0,,,,08:00,20.0,2.0,,5.59,M,27.0,-1.8,-0.9,,30.0
UR201-41879c5d.csv,UGD201,06SEP26,NBO,EBB,06,54.0,17,172.1,06:30,0.0,0.0,,6.21,M,19.0,0.0,-0.0,,07:30,270.0,3.0,,5.59,M,26.0,-0.4,3.0,30,30.3
UR900-4187ab98.csv,UGD900,06SEP26,EBB,LOS,17,172.1,18R,180.0,07:30,270.0,3.0,,5.59,M,26.0,-0.4,3.0,30,11:00,220.0,9.0,,6.21,M,30.0,6.9,5.8,18L,30.12
UR110-4187ba0c.csv,UGD110,06SEP26,EBB,LGW,17,172.1,26L,258.0,08:00,20.0,2.0,,5.59,M,27.0,-1.8,-0.9,,15:50,180.0,8.0,,6.21,M,22.0,1.7,-7.8,26R,30.12
UR334-4187dd10.csv,UGD334,06SEP26,ZNZ,JRO,18,174.0,09,87.0,08:00,180.0,10.0,,,M,28.0,9.9,1.0,18,09:30,,5.0,,6.21,M,27.0,,,,30.09
UR320-4187e58c.csv,UGD320,06SEP26,EBB,DAR,17,172.1,23,225.0,09:00,20.0,4.0,,5.59,M,28.0,-3.5,-1.9,35,10:00,170.0,9.0,,6.21,M,32.0,5.2,-7.4,14,30.09
UR334-418827d6.csv,UGD334,06SEP26,JRO,EBB,09,87.0,17,172.1,10:30,70.0,10.0,,6.21,M,28.0,9.6,-2.9,09,11:00,350.0,2.0,,6.21,M,30.0,-2.0,0.1,,30.12
UR120-41883fc1.csv,UGD120,06SEP26,EBB,JUB,35,352.11,13,130.0,11:00,350.0,2.0,,6.21,M,30.0,2.0,-0.1,,,,,,,,,,,,30.03
UR321-418856b0.csv,UGD321,06SEP26,DAR,EBB,05,45.0,17,172.1,11:00,130.0,7.0,,6.21,M,32.0,0.6,7.0,14,12:30,180.0,10.0,,6.21,M,30.0,9.9,1.4,17,30.03
UR121-4188a506.csv,UGD121,06SEP26,JUB,EBB,13,130.0,17,172.1,,,,,,,,,,,14:00,180.0,9.0,,6.21,M,29.0,8.9,1.2,17,
UR901-41889775.csv,UGD901,06SEP26,LOS,EBB,18R,180.0,17,172.1,13:00,170.0,7.0,,6.21,M,30.0,6.9,-1.2,18L,17:30,230.0,3.0,,6.21,M,26.0,1.6,2.5,17,29.94
UR360-4188a946.csv,UGD360,06SEP26,EBB,BJM,17,172.1,17,172.0,12:30,180.0,10.0,,6.21,M,30.0,9.9,1.4,17,14:00,180.0,18.0,,4.97,M,32.0,17.8,2.5,17,30.0
UR206-4188ec01.csv,UGD206,06SEP26,EBB,NBO,17,172.1,06,54.0,14:00,180.0,9.0,,6.21,M,29.0,8.9,1.2,17,15:30,100.0,13.0,,6.21,M,24.0,9.0,9.4,06,29.97
UR361-41891720.csv,UGD361,06SEP26,BJM,EBB,17,172.0,17,172.1,15:00,180.0,20.0,,4.97,M,31.0,19.8,2.8,17,16:00,180.0,4.0,,6.21,M,27.0,4.0,0.5,17,29.85
UR342-418926f5.csv,UGD342,06SEP26,EBB,MBA,17,172.1,21,209.0,15:30,180.0,5.0,,6.21,M,27.0,5.0,0.7,17,17:00,180.0,5.0,,6.21,M,26.0,4.4,-2.4,21,30.0
UR207-41896043.csv,UGD207,06SEP26,NBO,EBB,06,54.0,17,172.1,16:30,90.0,12.0,,6.21,M,22.0,9.7,7.1,06,17:30,230.0,3.0,,6.21,M,26.0,1.6,2.5,17,30.21
UR343-4189a5fc.csv,UGD343,06SEP26,MBA,EBB,21,209.0,17,172.1,18:00,150.0,3.0,,6.21,M,25.0,1.5,-2.6,15,19:30,310.0,6.0,,6.21,M,24.0,-4.5,4.0,30,30.03
UR720-4189a8d4.csv,UGD720,06SEP26,EBB,LUN,17,172.1,10,95.2,18:30,270.0,2.0,,6.21,M,25.0,-0.3,2.0,,20:00,120.0,6.0,,6.21,M,20.0,5.4,2.5,15,30.06
UR111-4189ad1c.csv,UGD111,06SEP26,LGW,EBB,26L,258.0,17,172.1,18:50,130.0,5.0,,6.21,M,21.0,-3.1,-3.9,08L,03:00,260.0,4.0,,6.21,M,22.0,0.1,4.0,30,30.06
UR208-4189c9e6.csv,UGD208,06SEP26,EBB,NBO,17,172.1,06,54.0,19:00,310.0,4.0,,6.21,M,24.0,-3.0,2.7,30,20:00,80.0,8.0,,6.21,M,18.0,7.2,3.5,06,30.06
UR712-4189d4c5.csv,UGD712,06SEP26,EBB,JNB,17,172.1,03R,14.0,19:30,310.0,6.0,,6.21,M,24.0,-4.5,4.0,30,23:00,80.0,14.0,,6.21,M,10.0,5.7,12.8,03L,30.06
UR209-418a175e.csv,UGD209,07SEP26,NBO,EBB,06,54.0,17,172.1,20:00,80.0,8.0,,6.21,M,18.0,7.2,3.5,06,22:00,340.0,2.0,,6.21,M,23.0,-2.0,0.4,,30.27
UR720-418a6176.csv,UGD720,07SEP26,HRE,EBB,05,46.0,35,352.11,,,,,,,,,,,01:30,30.0,2.0,,6.21,M,21.0,1.6,1.2,,
UR713-418a91c6.csv,UGD713,07SEP26,JNB,EBB,03L,14.0,17,172.1,01:00,70.0,11.0,,4.97,M,10.0,6.2,9.1,03L,05:00,0.0,0.0,,5.59,M,22.0,-0.0,-0.0,,30.42
UR122-418ae9b7.csv,UGD122,07SEP26,EBB,JUB,17,172.1,31,310.0,04:00,200.0,3.0,,5.59,M,21.0,2.7,1.4,17,,,,,,,,,,,30.09
UR200-418b059c.csv,UGD200,07SEP26,EBB,NBO,17,172.1,06,54.0,05:00,0.0,0.0,,5.59,M,22.0,-0.0,-0.0,,05:30,,1.0,,6.21,M,16.0,,,,30.15
UR123-418b318e.csv,UGD123,07SEP26,JUB,EBB,31,310.0,17,172.1,,,,,,,,,,,07:00,340.0,2.0,,5.59,M,24.0,-2.0,0.4,,
UR710-418b3b93.csv,UGD710,07SEP26,EBB,JNB,17,172.1,03R,14.0,06:30,340.0,3.0,,5.59,M,24.0,-2.9,0.6,35,10:00,40.0,14.0,,6.21,M,15.0,12.6,6.1,03L,30.18
UR201-418b4b5b.csv,UGD201,07SEP26,NBO,EBB,06,54.0,17,172.1,07:00,,3.0,,6.21,M,18.0,,,,07:30,350.0,2.0,,5.59,M,26.0,-2.0,0.1,,30.36
UR900-418b4fe7.csv,UGD900,07SEP26,EBB,LOS,,,18R,180.0,07:00,340.0,2.0,,5.59,M,24.0,,,,11:00,190.0,4.0,,3.11,-RA,28.0,3.9,0.7,18L,30.15
UR320-418b7e9a.csv,UGD320,07SEP26,EBB,DAR,17,172.1,05,45.0,08:30,190.0,5.0,,5.59,M,28.0,4.8,1.5,17,10:00,120.0,6.0,,6.21,M,31.0,1.6,5.8,14,30.18
UR321-418be466.csv,UGD321,07SEP26,DAR,EBB,05,45.0,17,172.1,11:00,180.0,7.0,,6.21,M,32.0,-4.9,4.9,23,12:30,180.0,8.0,,6.21,M,30.0,7.9,1.1,17,30.06
UR711-418c0303.csv,UGD711,07SEP26,JNB,EBB,03L,14.0,17,172.1,12:00,360.0,13.0,,6.21,M,16.0,12.6,-3.1,03L,15:30,140.0,6.0,,6.21,M,27.0,5.1,-3.2,12,30.45
UR901-418c2cc8.csv,UGD901,07SEP26,LOS,EBB,18R,180.0,17,172.1,12:00,220.0,8.0,,6.21,-RA,27.0,6.1,5.1,18L,17:00,140.0,6.0,,6.21,M,26.0,5.1,-3.2,12,30.03
UR360-418c539f.csv,UGD360,07SEP26,EBB,BJM,17,172.1,17,172.0,13:30,160.0,6.0,,6.21,M,29.0,5.9,-1.3,17,14:00,200.0,20.0,,4.97,M,31.0,17.7,9.4,17,30.0
UR206-418c9428.csv,UGD206,07SEP26,EBB,NBO,17,172.1,06,54.0,14:30,140.0,5.0,,6.21,M,28.0,4.2,-2.7,12,15:30,90.0,12.0,,6.21,M,25.0,9.7,7.1,06,30.0
UR361-418cb5d4.csv,UGD361,07SEP26,BJM,EBB,17,172.0,17,172.1,15:00,180.0,16.0,,4.97,M,31.0,15.8,2.2,17,16:00,140.0,6.0,,6.21,M,26.0,5.1,-3.2,12,29.91
UR207-418d1ff2.csv,UGD207,07SEP26,NBO,EBB,06,54.0,17,172.1,17:00,90.0,12.0,,6.21,M,22.0,9.7,7.1,06,17:30,140.0,6.0,,6.21,M,26.0,5.1,-3.2,12,30.24
UR720-418d561a.csv,UGD720,07SEP26,EBB,LUN,17,172.1,10,95.2,18:00,160.0,6.0,,6.21,M,25.0,5.9,-1.3,17,20:00,100.0,11.0,,6.21,M,20.0,11.0,0.9,10,30.06
UR322-418d59e8.csv,UGD322,07SEP26,EBB,DAR,17,172.1,05,45.0,18:00,160.0,6.0,,6.21,M,25.0,5.9,-1.3,17,19:00,130.0,5.0,,6.21,M,24.0,0.4,5.0,14,30.06
UR208-418d864b.csv,UGD208,07SEP26,EBB,NBO,17,172.1,06,54.0,19:00,150.0,4.0,,6.21,M,25.0,3.7,-1.5,17,20:00,80.0,9.0,,6.21,M,19.0,8.1,3.9,06,30.06
UR712-418d9079.csv,UGD712,07SEP26,EBB,JNB,17,172.1,03R,14.0,19:30,170.0,4.0,,6.21,M,25.0,4.0,-0.1,17,22:00,20.0,11.0,,3.11,BR,12.0,10.9,1.1,03L,30.09
UR323-418dcd51.csv,UGD323,07SEP26,DAR,EBB,05,45.0,17,172.1,20:00,130.0,6.0,,6.21,M,24.0,0.5,6.0,14,22:00,350.0,3.0,,6.21,M,23.0,-3.0,0.1,35,30.12
UR209-418de625.csv,UGD209,08SEP26,NBO,EBB,06,54.0,17,172.1,20:30,70.0,7.0,,6.21,M,19.0,6.7,1.9,06,22:00,350.0,3.0,,6.21,M,23.0,-3.0,0.1,35,30.3
UR720-418df8ef.csv,UGD720,07SEP26,LUN,HRE,10,95.2,05,46.0,21:00,110.0,9.0,,6.21,M,19.0,8.7,2.3,10,,,,,,,,,,,30.33
UR720-418e4460.csv,UGD720,08SEP26,HRE,EBB,05,46.0,17,172.1,,,,,,,,,,,02:00,10.0,3.0,,6.21,M,22.0,-2.9,-0.9,35,
UR713-418e69f9.csv,UGD713,08SEP26,JNB,EBB,03L,14.0,17,172.1,01:00,30.0,8.0,,6.21,M,11.0,7.7,2.2,03L,04:30,350.0,4.0,,4.35,M,22.0,-4.0,0.1,35,30.5
UR520-418e9139.csv,UGD520,08SEP26,EBB,MGQ,17,172.1,,,01:30,90.0,3.0,,6.21,M,22.0,0.4,-3.0,12,03:00,220.0,12.0,,6.21,M,26.0,,,,30.0
UR200-418ef7ea.csv,UGD200,08SEP26,EBB,NBO,35,352.11,06,54.0,05:00,350.0,1.0,,4.35,M,22.0,1.0,-0.0,,06:00,150.0,6.0,,6.21,M,16.0,-0.6,6.0,24,30.09
UR521-418f0818.csv,UGD521,08SEP26,MGQ,EBB,,,17,172.1,05:00,210.0,14.0,,6.21,M,27.0,,,,07:30,180.0,5.0,,5.59,-TSRA,20.0,5.0,0.7,17,30.03
UR201-418f35c8.csv,UGD201,08SEP26,NBO,EBB,06,54.0,17,172.1,07:00,90.0,6.0,,6.21,M,17.0,4.9,3.5,06,07:30,180.0,5.0,,5.59,-TSRA,20.0,5.0,0.7,17,30.36
UR110-418f4fdd.csv,UGD110,08SEP26,EBB,LGW,,,26L,258.0,08:00,180.0,2.0,,5.59,-TSRA,20.0,,,,15:50,290.0,12.0,,6.21,M,16.0,10.2,6.4,26R,30.18
UR320-418f6b4e.csv,UGD320,08SEP26,EBB,DAR,17,172.1,23,225.0,08:30,240.0,3.0,,5.59,TS,21.0,1.1,2.8,30,09:30,160.0,12.0,,6.21,M,30.0,5.1,-10.9,14,30.15
UR722-418fa50a.csv,UGD722,08SEP26,EBB,HRE,17,172.1,05,46.0,10:00,240.0,6.0,,6.21,M,25.0,2.3,5.6,30,13:00,,,,6.21,M,,,,,30.09
UR120-418fbf90.csv,UGD120,08SEP26,EBB,JUB,17,172.1,13,130.0,10:30,180.0,8.0,,6.21,M,26.0,7.9,1.1,17,,,,,,,,,,,30.09
UR321-418fd0ec.csv,UGD321,08SEP26,DAR,EBB,23,225.0,17,172.1,11:00,210.0,10.0,,6.21,M,26.0,9.7,-2.6,23,12:30,170.0,10.0,,6.21,M,27.0,10.0,-0.4,17,30.06
UR121-41902eb3.csv,UGD121,08SEP26,JUB,EBB,13,130.0,17,172.1,,,,,,,,,,,13:30,180.0,14.0,,6.21,M,27.0,13.9,1.9,17,
UR360-41903f50.csv,UGD360,08SEP26,EBB,BJM,17,172.1,17,172.0,13:00,180.0,12.0,,6.21,M,27.0,11.9,1.6,17,14:00,200.0,20.0,,5.59,M,32.0,17.7,9.4,17,30.0
UR722-4190714f.csv,UGD722,08SEP26,HRE,LUN,05,46.0,10,95.2,13:00,,,,6.21,M,,,,,15:00,120.0,17.0,,6.21,M,22.0,15.4,7.1,15,
UR206-419089a6.csv,UGD206,08SEP26,EBB,NBO,17,172.1,06,54.0,14:30,170.0,10.0,,6.21,M,26.0,10.0,-0.4,17,15:00,80.0,5.0,,6.21,M,20.0,4.5,2.2,06,29.97
UR361-4190ae3a.csv,UGD361,08SEP26,BJM,EBB,17,172.0,17,172.1,15:00,180.0,20.0,,5.59,M,30.0,19.8,2.8,17,16:00,220.0,10.0,,6.21,M,26.0,6.7,7.4,17,29.88
UR722-4190df8c.csv,UGD722,08SEP26,LUN,EBB,10,95.2,17,172.1,16:00,110.0,15.0,,6.21,M,21.0,14.5,3.8,10,18:30,260.0,4.0,,6.21,M,24.0,0.1,4.0,30,30.27
UR207-419103e8.csv,UGD207,08SEP26,NBO,EBB,06,54.0,17,172.1,16:30,50.0,8.0,,6.21,M,18.0,8.0,-0.6,06,17:30,170.0,8.0,,6.21,M,25.0,8.0,-0.3,17,30.24
UR712-41919bf4.csv,UGD712,08SEP26,EBB,JNB,17,172.1,03R,14.0,19:30,0.0,0.0,,6.21,M,24.0,-0.0,-0.0,,00:00,340.0,9.0,,6.21,M,11.0,7.5,-5.0,03L,30.06
UR111-4191c96b.csv,UGD111,08SEP26,LGW,EBB,26L,258.0,17,172.1,20:50,250.0,6.0,,6.21,M,13.0,5.9,-0.8,26R,04:00,0.0,0.0,,6.21,M,21.0,-0.0,-0.0,,29.85
UR713-419282d5.csv,UGD713,09SEP26,JNB,EBB,03L,14.0,17,172.1,01:00,350.0,9.0,,6.21,M,11.0,8.2,-3.7,03L,04:00,0.0,0.0,,6.21,M,21.0,-0.0,-0.0,,30.47
UR122-4192dcb1.csv,UGD122,09SEP26,EBB,JUB,17,172.1,31,310.0,03:00,0.0,0.0,,6.21,M,21.0,-0.0,-0.0,,,,,,,,,,,,30.0
UR200-4192fdbd.csv,UGD200,09SEP26,EBB,NBO,17,172.1,06,54.0,04:00,0.0,0.0,,6.21,M,21.0,-0.0,-0.0,,05:30,150.0,4.0,,6.21,M,16.0,-0.4,4.0,24,30.03
UR123-41931d98.csv,UGD123,09SEP26,JUB,EBB,31,310.0,17,172.1,,,,,,,,,,,06:30,340.0,6.0,,4.97,M,26.0,-5.9,1.3,35,
UR710-41932b0c.csv,UGD710,09SEP26,EBB,JNB,17,172.1,03R,14.0,06:00,340.0,2.0,,4.97,M,24.0,-2.0,0.4,,10:30,,6.0,,6.21,M,19.0,,,,30.09
UR201-41933e05.csv,UGD201,09SEP26,NBO,EBB,06,54.0,17,172.1,06:30,150.0,4.0,,6.21,M,16.0,-0.4,4.0,24,07:30,170.0,6.0,,5.59,M,26.0,6.0,-0.2,17,30.3
UR722-4193829f.csv,UGD722,09SEP26,EBB,HRE,17,172.1,05,46.0,09:00,160.0,12.0,,6.21,M,29.0,11.7,-2.5,17,10:00,190.0,10.0,,6.21,M,20.0,-8.1,5.9,23,30.09
UR334-419390cb.csv,UGD334,09SEP26,EBB,ZNZ,17,172.1,18,174.0,09:00,160.0,12.0,,6.21,M,29.0,11.7,-2.5,17,10:30,120.0,11.0,,6.21,M,28.0,6.5,-8.9,18,30.09
UR334-4193f245.csv,UGD334,09SEP26,ZNZ,JRO,18,174.0,09,87.0,11:30,130.0,12.0,,6.21,M,28.0,8.6,-8.3,18,12:00,100.0,5.0,,6.21,M,27.0,4.9,1.1,09,30.0
UR711-419405bd.csv,UGD711,09SEP26,JNB,EBB,03L,14.0,17,172.1,12:00,40.0,5.0,,6.21,M,19.0,4.5,2.2,03L,15:30,180.0,8.0,,6.21,M,25.0,7.9,1.1,17,30.45
UR360-419461c3.csv,UGD360,09SEP26,EBB,BJM,17,172.1,17,172.0,13:30,170.0,16.0,,6.21,M,26.0,16.0,-0.6,17,14:00,180.0,24.0,,5.59,M,31.0,23.8,3.3,17,29.97
UR334-419470f1.csv,UGD334,09SEP26,JRO,EBB,09,87.0,17,172.1,13:30,100.0,6.0,,6.21,M,29.0,5.8,1.3,09,14:30,180.0,15.0,,6.21,M,26.0,14.9,2.1,17,30.06
UR722-4194953d.csv,UGD722,09SEP26,LUN,EBB,10,95.2,17,172.1,14:00,100.0,13.0,,6.21,M,24.0,13.0,1.1,10,16:30,170.0,8.0,,6.21,M,24.0,8.0,-0.3,17,30.24
UR361-4194da2f.csv,UGD361,09SEP26,BJM,EBB,17,172.0,17,172.1,15:00,180.0,20.0,,5.59,M,30.0,19.8,2.8,17,16:30,170.0,8.0,,6.21,M,24.0,8.0,-0.3,17,29.88
UR342-419512c9.csv,UGD342,09SEP26,EBB,MBA,17,172.1,21,209.0,16:30,170.0,8.0,,6.21,M,24.0,8.0,-0.3,17,18:00,170.0,5.0,,6.21,M,25.0,3.9,-3.1,15,30.0
UR430-41956039.csv,UGD430,09SEP26,EBB,BOM,17,172.1,27,269.0,18:00,100.0,7.0,,6.21,M,24.0,2.2,-6.7,12,00:00,50.0,4.0,,2.17,BR,28.0,-3.1,2.5,09,30.06
UR322-419590c7.csv,UGD322,09SEP26,EBB,DAR,17,172.1,05,45.0,19:00,90.0,5.0,,6.21,M,24.0,0.7,-5.0,12,20:30,150.0,8.0,,6.21,M,25.0,-2.1,7.7,14,30.06
UR343-419596f1.csv,UGD343,09SEP26,MBA,EBB,21,209.0,35,352.11,19:00,190.0,5.0,,6.21,M,25.0,4.7,-1.6,21,20:00,60.0,14.0,,6.21,M,24.0,5.3,13.0,12,30.06
UR208-419596f7.csv,UGD208,09SEP26,EBB,NBO,17,172.1,06,54.0,19:00,90.0,5.0,,6.21,M,24.0,0.7,-5.0,12,19:30,70.0,8.0,,6.21,M,19.0,7.7,2.2,06,30.06
UR209-4196031c.csv,UGD209,10SEP26,NBO,EBB,06,54.0,17,172.1,20:30,80.0,7.0,,6.21,M,18.0,6.3,3.1,06,22:00,10.0,2.0,,6.21,M,22.0,-1.9,-0.6,,30.3
UR323-419614ed.csv,UGD323,10SEP26,DAR,EBB,05,45.0,17,172.1,21:30,150.0,5.0,,6.21,M,25.0,-1.3,4.8,14,23:00,20.0,6.0,,6.21,M,23.0,-5.3,-2.8,35,30.06
UR431-4196cfb0.csv,UGD431,10SEP26,BOM,EBB,27,269.0,17,172.1,03:00,300.0,7.0,,2.49,HZ,29.0,6.0,3.6,32,08:00,230.0,18.0,,6.21,M,25.0,9.6,15.2,17,29.85
UR200-4197180a.csv,UGD200,10SEP26,EBB,NBO,17,172.1,06,54.0,04:30,340.0,5.0,,6.21,DZ,20.0,-4.9,1.0,35,05:30,150.0,8.0,,6.21,M,18.0,-0.8,8.0,24,30.09
UR201-41975f58.csv,UGD201,10SEP26,NBO,EBB,06,54.0,17,172.1,07:00,140.0,9.0,,6.21,M,19.0,0.6,9.0,06,06:30,340.0,6.0,,6.21,M,23.0,-5.9,1.3,35,30.33
UR722-4197d3bc.csv,UGD722,10SEP26,EBB,HRE,17,172.1,05,46.0,10:00,200.0,14.0,,6.21,M,26.0,12.4,6.6,17,13:00,,6.0,,6.21,M,24.0,,,,30.12
UR120-4197f45b.csv,UGD120,10SEP26,EBB,JUB,17,172.1,13,130.0,10:30,180.0,12.0,,6.21,M,26.0,11.9,1.6,17,,,,,,,,,,,30.12
UR121-41985ecc.csv,UGD121,10SEP26,JUB,EBB,13,130.0,17,172.1,,,,,,,,,,,13:30,150.0,12.0,,6.21,M,26.0,11.1,-4.5,17,
UR360-41987e04.csv,UGD360,10SEP26,EBB,BJM,17,172.1,17,172.0,13:30,150.0,12.0,,6.21,M,26.0,11.1,-4.5,17,14:00,180.0,16.0,,4.35,M,31.0,15.8,2.2,17,30.0
UR722-4198a034.csv,UGD722,10SEP26,HRE,LUN,05,46.0,10,95.2,14:00,60.0,7.0,,6.21,M,24.0,6.8,1.7,05,15:00,110.0,12.0,,6.21,M,27.0,11.6,3.1,10,30.24
UR361-4198ed71.csv,UGD361,10SEP26,BJM,EBB,17,172.0,17,172.1,15:00,180.0,14.0,,4.97,M,30.0,13.9,1.9,17,16:00,200.0,8.0,,6.21,M,24.0,7.1,3.7,17,29.88
UR722-41990761.csv,UGD722,10SEP26,LUN,EBB,10,95.2,17,172.1,15:00,110.0,12.0,,6.21,M,27.0,11.6,3.1,10,18:00,220.0,4.0,,6.21,M,23.0,2.7,3.0,17,30.18
UR322-4199b9bc.csv,UGD322,10SEP26,EBB,DAR,17,172.1,23,225.0,19:00,180.0,6.0,,6.21,M,23.0,5.9,0.8,17,20:30,170.0,5.0,,6.21,M,23.0,2.9,-4.1,14,30.09
UR208-4199c0af.csv,UGD208,10SEP26,EBB,NBO,17,172.1,06,54.0,19:00,180.0,6.0,,6.21,M,23.0,5.9,0.8,17,20:00,150.0,9.0,,6.21,M,19.0,-0.9,9.0,24,30.09
UR902-4199d7a2.csv,UGD902,10SEP26,EBB,LOS,17,172.1,18R,180.0,19:30,180.0,4.0,,6.21,M,23.0,4.0,0.5,17,23:00,190.0,4.0,,6.21,M,26.0,3.9,0.7,18L,30.09
UR209-419a2656.csv,UGD209,11SEP26,NBO,EBB,06,54.0,17,172.1,21:00,150.0,6.0,,6.21,M,18.0,-0.6,6.0,24,21:30,360.0,2.0,,6.21,M,22.0,-2.0,-0.3,,30.27
UR323-419a304c.csv,UGD323,11SEP26,DAR,EBB,23,225.0,35,352.11,21:30,210.0,3.0,,6.21,M,23.0,2.9,-0.8,23,23:00,360.0,4.0,,6.21,M,21.0,4.0,0.5,35,30.06
UR903-419abbf6.csv,UGD903,11SEP26,LOS,EBB,18R,180.0,35,352.11,01:00,210.0,3.0,,6.21,M,25.0,2.6,1.5,18L,05:00,80.0,5.0,25.0,3.73,TSRA,21.0,0.2,5.0,12,29.97
UR520-419aec40.csv,UGD520,11SEP26,EBB,MGQ,17,172.1,,,02:00,360.0,3.0,,6.21,M,21.0,-3.0,-0.4,35,04:00,220.0,13.0,,6.21,M,25.0,,,,30.03
UR200-419b4457.csv,UGD200,11SEP26,EBB,NBO,35,352.11,06,54.0,04:30,340.0,5.0,,4.97,M,21.0,4.9,-1.0,35,05:30,100.0,3.0,,6.21,M,17.0,2.1,2.2,06,30.09
UR334-419b7110.csv,UGD334,11SEP26,EBB,ZNZ,17,172.1,18,174.0,06:00,0.0,0.0,,6.21,M,20.0,-0.0,-0.0,,07:30,180.0,5.0,,6.21,M,24.0,5.0,0.5,18,30.12
UR521-419b73a8.csv,UGD521,11SEP26,MGQ,EBB,,,17,172.1,06:00,220.0,14.0,,6.21,M,26.0,,,,08:00,180.0,2.0,,6.21,M,23.0,2.0,0.3,,30.0
UR710-419b82e1.csv,UGD710,11SEP26,EBB,JNB,17,172.1,21L,194.0,06:30,220.0,2.0,,6.21,-RA,20.0,1.3,1.5,,10:30,30.0,5.0,,6.21,M,22.0,-4.8,-1.4,03L,30.12
UR201-419b8ebf.csv,UGD201,11SEP26,NBO,EBB,06,54.0,17,172.1,07:00,160.0,5.0,,6.21,M,19.0,-1.4,4.8,24,07:30,230.0,2.0,,6.21,M,23.0,1.1,1.7,,30.33
UR334-419bc9c0.csv,UGD334,11SEP26,ZNZ,JRO,18,174.0,09,87.0,08:00,180.0,6.0,,6.21,M,26.0,6.0,0.6,18,09:00,,3.0,,6.21,M,26.0,,,,30.09
UR110-419bd397.csv,UGD110,11SEP26,EBB,LGW,17,172.1,26L,258.0,09:00,180.0,5.0,,6.21,M,26.0,5.0,0.7,17,16:50,320.0,5.0,,6.21,M,21.0,2.3,4.4,26R,30.12
UR334-419c19e0.csv,UGD334,11SEP26,JRO,EBB,09,87.0,17,172.1,10:30,,6.0,,6.21,M,27.0,,,,11:30,170.0,12.0,,6.21,M,27.0,12.0,-0.4,17,30.12
UR120-419c1e98.csv,UGD120,11SEP26,EBB,JUB,17,172.1,13,130.0,10:30,180.0,10.0,,6.21,M,26.0,9.9,1.4,17,,,,,,,,,,,30.06
UR711-419c5d79.csv,UGD711,11SEP26,JNB,EBB,03L,14.0,17,172.1,12:00,50.0,7.0,,6.21,M,23.0,5.7,4.1,03L,16:00,190.0,5.0,,6.21,M,25.0,4.8,1.5,17,30.33
UR121-419c8c32.csv,UGD121,11SEP26,JUB,EBB,13,130.0,17,172.1,,,,,,,,,,,13:30,170.0,8.0,,6.21,M,27.0,8.0,-0.3,17,
UR360-419ca76b.csv,UGD360,11SEP26,EBB,BJM,17,172.1,17,172.0,13:00,180.0,8.0,,6.21,M,27.0,7.9,1.1,17,14:00,180.0,12.0,,5.59,M,31.0,11.9,1.7,17,30.0
UR206-419d01d3.csv,UGD206,11SEP26,EBB,NBO,17,172.1,06,54.0,14:00,160.0,8.0,,6.21,M,27.0,7.8,-1.7,17,15:30,120.0,8.0,,6.21,M,22.0,3.3,7.3,06,30.0
UR361-419d1cc4.csv,UGD361,11SEP26,BJM,EBB,17,172.0,17,172.1,15:00,180.0,12.0,,5.59,M,30.0,11.9,1.7,17,16:00,190.0,5.0,,6.21,M,25.0,4.8,1.5,17,29.88
UR342-419d3bb0.csv,UGD342,11SEP26,EBB,MBA,17,172.1,21,209.0,15:30,200.0,5.0,,6.21,M,26.0,4.4,2.3,17,17:00,210.0,4.0,,6.21,M,23.0,4.0,0.1,21,30.0
UR207-419d83dc.csv,UGD207,11SEP26,NBO,EBB,,,17,172.1,16:30,110.0,8.0,,6.21,M,21.0,,,06,17:30,180.0,4.0,,6.21,M,24.0,4.0,0.5,17,30.18
UR720-419dc18a.csv,UGD720,11SEP26,EBB,LUN,17,172.1,10,95.2,18:00,190.0,4.0,,6.21,M,24.0,3.8,1.2,17,20:00,140.0,6.0,,6.21,M,19.0,4.3,4.2,15,30.03
UR343-419dca9f.csv,UGD343,11SEP26,MBA,EBB,21,209.0,17,172.1,18:00,220.0,3.0,,6.21,M,23.0,2.9,0.6,21,19:30,210.0,4.0,,6.21,M,23.0,3.2,2.5,17,30.03
UR322-419deaee.csv,UGD322,11SEP26,EBB,DAR,17,172.1,05,45.0,18:30,210.0,3.0,,6.21,M,24.0,2.4,1.8,17,20:30,160.0,3.0,,6.21,M,23.0,-1.3,2.7,14,30.03
UR902-419decb7.csv,UGD902,11SEP26,EBB,LOS,17,172.1,18R,180.0,19:00,230.0,4.0,,6.21,M,23.0,2.1,3.4,17,23:00,270.0,5.0,,6.21,M,25.0,0.0,5.0,18L,30.03
UR111-419e0f7e.csv,UGD111,11SEP26,LGW,EBB,26L,258.0,17,172.1,19:50,190.0,1.0,,6.21,M,17.0,0.4,-0.9,,03:30,360.0,5.0,,6.21,M,21.0,-5.0,-0.7,35,30.21
UR720-419e6520.csv,UGD720,11SEP26,LUN,HRE,10,95.2,05,46.0,21:00,140.0,4.0,,6.21,M,19.0,2.8,2.8,15,22:00,90.0,4.0,,6.21,M,16.0,2.9,2.8,05,30.21
UR323-419e8cc7.csv,UGD323,12SEP26,DAR,EBB,05,45.0,17,172.1,22:00,190.0,2.0,,6.21,M,22.0,-1.6,1.1,,23:30,350.0,3.0,,6.21,M,21.0,-3.0,0.1,35,30.03
UR720-419eb13e.csv,UGD720,12SEP26,HRE,EBB,05,46.0,35,352.11,23:00,100.0,4.0,,6.21,M,15.0,2.4,3.2,05,01:30,360.0,2.0,,6.21,M,21.0,2.0,0.3,,30.27
UR903-419eeeed.csv,UGD903,12SEP26,LOS,EBB,18R,180.0,17,172.1,23:00,270.0,5.0,,6.21,M,25.0,0.0,5.0,18L,05:00,350.0,3.0,,5.59,M,22.0,-3.0,0.1,35,30.0
UR520-419f1e8c.csv,UGD520,12SEP26,EBB,MGQ,17,172.1,,,02:00,360.0,4.0,,6.21,M,21.0,-4.0,-0.5,35,04:00,200.0,8.0,,6.21,M,24.0,,,,30.03
UR200-419f6f66.csv,UGD200,12SEP26,EBB,NBO,17,172.1,06,54.0,04:30,0.0,0.0,,5.59,M,22.0,-0.0,-0.0,,05:30,170.0,9.0,,6.21,M,17.0,-3.9,8.1,24,30.06
UR521-419f8122.csv,UGD521,12SEP26,MGQ,EBB,,,17,172.1,05:00,210.0,10.0,,6.21,M,27.0,,,,07:30,60.0,6.0,,5.59,M,29.0,-2.3,-5.6,12,29.97
UR710-419fa0c4.csv,UGD710,12SEP26,EBB,JNB,17,172.1,03R,14.0,06:30,360.0,4.0,,5.59,M,26.0,-4.0,-0.5,35,10:30,350.0,8.0,,6.21,M,23.0,7.3,-3.3,03L,30.12
UR201-419fab19.csv,UGD201,12SEP26,NBO,EBB,06,54.0,17,172.1,06:00,170.0,8.0,,6.21,M,18.0,-3.5,7.2,24,07:30,60.0,6.0,,5.59,M,29.0,-2.3,-5.6,12,30.3
UR722-41a02094.csv,UGD722,12SEP26,EBB,HRE,17,172.1,05,46.0,10:00,160.0,18.0,,4.97,TSRA,20.0,17.6,-3.8,17,11:00,,5.0,,6.21,M,25.0,,,,30.09
UR120-41a0261b.csv,UGD120,12SEP26,EBB,JUB,17,172.1,13,130.0,10:00,160.0,18.0,,4.97,TSRA,20.0,17.6,-3.8,17,,,,,,,,,,,30.09
UR430-41a041f5.csv,UGD430,12SEP26,EBB,BOM,17,172.1,27,269.0,11:00,180.0,6.0,,6.21,TS,21.0,5.9,0.8,17,17:00,300.0,3.0,,2.49,BR,28.0,2.6,1.5,32,30.06
UR711-41a06ab9.csv,UGD711,12SEP26,JNB,EBB,03L,14.0,17,172.1,11:30,,5.0,,6.21,M,23.0,,,,15:30,270.0,4.0,,6.21,M,22.0,-0.5,4.0,30,30.27
UR121-41a0758b.csv,UGD121,12SEP26,JUB,EBB,13,130.0,17,172.1,,,,,,,,,,,12:30,270.0,8.0,,6.21,M,22.0,-1.1,7.9,30,
UR722-41a0e56b.csv,UGD722,12SEP26,HRE,LUN,05,46.0,10,95.2,11:00,,5.0,,6.21,M,25.0,,,,14:00,100.0,10.0,,6.21,M,30.0,10.0,0.8,10,30.24
UR722-41a14e94.csv,UGD722,12SEP26,LUN,EBB,10,95.2,17,172.1,15:00,110.0,10.0,,6.21,M,30.0,9.7,2.6,10,18:00,340.0,5.0,,6.21,M,21.0,-4.9,1.0,35,30.09
UR720-41a1bfd5.csv,UGD720,12SEP26,EBB,LUN,17,172.1,10,95.2,18:00,340.0,5.0,,6.21,M,21.0,-4.9,1.0,35,20:00,110.0,6.0,,6.21,M,21.0,5.8,1.5,10,30.03
UR322-41a1eb06.csv,UGD322,12SEP26,EBB,DAR,17,172.1,23,225.0,18:30,340.0,5.0,,6.21,M,21.0,-4.9,1.0,35,20:30,140.0,4.0,,6.21,M,24.0,0.3,-4.0,14,30.03
UR208-41a1f1b5.csv,UGD208,12SEP26,EBB,NBO,17,172.1,06,54.0,19:00,360.0,5.0,,6.21,M,21.0,-5.0,-0.7,35,20:00,70.0,10.0,,6.21,M,18.0,9.6,2.8,06,30.06
UR431-41a205d7.csv,UGD431,13SEP26,BOM,EBB,27,269.0,35,352.11,19:30,170.0,4.0,,2.17,BR,28.0,-0.6,-4.0,14,01:30,340.0,7.0,,6.21,M,21.0,6.8,-1.5,35,29.77
UR209-41a248bd.csv,UGD209,13SEP26,NBO,EBB,06,54.0,17,172.1,21:00,50.0,7.0,,6.21,M,17.0,7.0,-0.5,06,22:00,340.0,5.0,,6.21,M,20.0,-4.9,1.0,35,30.24
UR323-41a24ae1.csv,UGD323,13SEP26,DAR,EBB,23,225.0,17,172.1,21:00,140.0,4.0,,6.21,M,24.0,0.3,-4.0,14,22:00,340.0,5.0,,6.21,M,20.0,-4.9,1.0,35,30.0
UR720-41a2694e.csv,UGD720,13SEP26,LUN,HRE,10,95.2,05,46.0,22:00,140.0,6.0,,6.21,M,20.0,4.3,4.2,15,22:00,60.0,11.0,,6.21,M,18.0,10.7,2.7,05,30.15
UR720-41a29dd7.csv,UGD720,13SEP26,HRE,EBB,05,46.0,17,172.1,22:00,60.0,11.0,,6.21,M,18.0,10.7,2.7,05,02:30,290.0,4.0,,6.21,M,21.0,-1.9,3.5,30,30.21
UR520-41a2e544.csv,UGD520,13SEP26,EBB,MGQ,17,172.1,,,01:30,340.0,7.0,,6.21,M,21.0,-6.8,1.5,35,04:00,220.0,14.0,,6.21,M,26.0,,,,30.0
UR200-41a3301d.csv,UGD200,13SEP26,EBB,NBO,17,172.1,06,54.0,05:00,360.0,4.0,,5.59,M,21.0,-4.0,-0.5,35,05:30,160.0,4.0,,6.21,M,19.0,-1.1,3.8,24,30.09
UR521-41a34664.csv,UGD521,13SEP26,MGQ,EBB,,,17,172.1,05:00,220.0,13.0,,6.21,M,27.0,,,,07:30,340.0,4.0,,5.59,M,27.0,-3.9,0.8,35,29.94
UR334-41a35b08.csv,UGD334,13SEP26,EBB,ZNZ,17,172.1,18,174.0,06:00,360.0,3.0,,5.59,M,22.0,-3.0,-0.4,35,07:30,220.0,9.0,,6.21,M,28.0,6.3,6.5,18,30.09
UR201-41a36e0a.csv,UGD201,13SEP26,NBO,EBB,06,54.0,17,172.1,07:00,170.0,6.0,,6.21,M,20.0,-2.6,5.4,24,07:30,340.0,4.0,,5.59,M,27.0,-3.9,0.8,35,30.3
UR900-41a36ee9.csv,UGD900,13SEP26,EBB,LOS,17,172.1,18R,180.0,07:00,340.0,5.0,,5.59,M,25.0,-4.9,1.0,35,11:00,180.0,5.0,,,M,,5.0,0.0,18L,30.12
UR110-41a378de.csv,UGD110,13SEP26,EBB,LGW,35,352.11,26L,258.0,07:30,340.0,4.0,,5.59,M,27.0,3.9,-0.8,35,15:50,220.0,5.0,,6.21,-RA,20.0,3.9,-3.1,26R,30.12
UR320-41a3a9e7.csv,UGD320,13SEP26,EBB,DAR,17,172.1,05,45.0,09:00,160.0,5.0,,6.21,M,27.0,4.9,-1.0,17,10:30,80.0,8.0,,6.21,M,31.0,6.6,4.6,05,30.12
UR334-41a3adb0.csv,UGD334,13SEP26,ZNZ,JRO,18,174.0,09,87.0,09:00,170.0,9.0,,6.21,M,28.0,9.0,-0.6,18,09:30,100.0,8.0,,6.21,M,25.0,7.8,1.8,09,30.06
UR334-41a3ef3f.csv,UGD334,13SEP26,JRO,EBB,09,87.0,35,352.11,10:30,70.0,8.0,,6.21,M,27.0,7.7,-2.3,09,11:30,340.0,3.0,,6.21,M,26.0,2.9,-0.6,35,30.15
UR120-41a3fe75.csv,UGD120,13SEP26,EBB,JUB,35,352.11,13,130.0,11:00,210.0,6.0,,6.21,TS,27.0,-4.7,-3.7,17,,,,,,,,,,,30.06
UR321-41a40914.csv,UGD321,13SEP26,DAR,EBB,05,45.0,17,172.1,11:30,100.0,10.0,,6.21,M,32.0,5.7,8.2,14,13:00,180.0,4.0,,6.21,M,28.0,4.0,0.5,17,29.97
UR901-41a43262.csv,UGD901,13SEP26,LOS,EBB,18R,180.0,17,172.1,12:00,170.0,10.0,,4.35,-TSRA,28.0,9.8,-1.7,18L,17:00,170.0,8.0,,6.21,M,25.0,8.0,-0.3,17,29.97
UR121-41a44da9.csv,UGD121,13SEP26,JUB,EBB,13,130.0,17,172.1,,,,,,,,,,,13:30,200.0,2.0,,6.21,M,28.0,1.8,0.9,,
UR360-41a46fbf.csv,UGD360,13SEP26,EBB,BJM,17,172.1,17,172.0,13:30,200.0,2.0,,6.21,M,28.0,1.8,0.9,,14:00,180.0,20.0,,5.59,M,32.0,19.8,2.8,17,30.0
UR206-41a49de8.csv,UGD206,13SEP26,EBB,NBO,17,172.1,06,54.0,14:30,180.0,4.0,,6.21,M,28.0,4.0,0.5,17,15:30,120.0,10.0,,6.21,M,22.0,4.1,9.1,06,29.97
UR342-41a4d31a.csv,UGD342,13SEP26,EBB,MBA,17,172.1,21,209.0,15:30,130.0,3.0,,6.21,M,26.0,2.2,-2.0,12,17:00,150.0,8.0,,6.21,M,25.0,4.1,-6.9,15,30.0
UR361-41a4d512.csv,UGD361,13SEP26,BJM,EBB,17,172.0,17,172.1,15:00,180.0,18.0,,5.59,M,31.0,17.8,2.5,17,16:30,160.0,4.0,,6.21,M,26.0,3.9,-0.8,17,29.83
UR207-41a50b65.csv,UGD207,13SEP26,NBO,EBB,06,54.0,17,172.1,16:30,90.0,10.0,,6.21,M,21.0,8.1,5.9,06,17:30,140.0,4.0,,6.21,M,25.0,3.4,-2.1,12,30.21
UR720-41a54291.csv,UGD720,13SEP26,EBB,LUN,17,172.1,10,95.2,18:00,160.0,3.0,,6.21,M,24.0,2.9,-0.6,17,20:00,120.0,5.0,,6.21,M,21.0,4.5,2.1,15,30.06
UR111-41a553a8.csv,UGD111,13SEP26,LGW,EBB,26L,258.0,17,172.1,18:50,210.0,3.0,,6.21,M,20.0,2.0,-2.2,26R,02:30,40.0,10.0,25.0,5.59,TSRA,20.0,-6.7,-7.4,35,30.18
UR343-41a56a33.csv,UGD343,13SEP26,MBA,EBB,21,209.0,17,172.1,18:30,150.0,7.0,,6.21,M,25.0,3.6,-6.0,15,20:00,0.0,0.0,,6.21,M,23.0,-0.0,-0.0,,30.0
UR208-41a571ea.csv,UGD208,13SEP26,EBB,NBO,17,172.1,06,54.0,19:00,0.0,0.0,,6.21,M,24.0,-0.0,-0.0,,20:00,50.0,5.0,,6.21,M,18.0,5.0,-0.3,06,30.06
UR712-41a57fe7.csv,UGD712,13SEP26,EBB,JNB,17,172.1,03R,14.0,19:30,0.0,0.0,,6.21,M,23.0,-0.0,-0.0,,23:00,10.0,14.0,,6.21,M,15.0,14.0,-1.0,03L,30.09
UR209-41a5c15c.csv,UGD209,14SEP26,NBO,EBB,06,54.0,17,172.1,20:30,50.0,5.0,,,M,18.0,5.0,-0.3,06,21:30,0.0,0.0,,6.21,M,23.0,-0.0,-0.0,,30.27
UR720-41a5cd78.csv,UGD720,13SEP26,LUN,HRE,10,95.2,05,46.0,21:00,110.0,6.0,,6.21,M,20.0,5.8,1.5,10,22:00,60.0,11.0,,6.21,M,18.0,10.7,2.7,05,30.18
UR720-41a60a81.csv,UGD720,14SEP26,HRE,EBB,05,46.0,17,172.1,22:00,60.0,11.0,,6.21,M,18.0,10.7,2.7,05,01:30,360.0,15.0,,6.21,TS,21.0,-14.9,-2.1,35,30.27
UR713-41a65107.csv,UGD713,14SEP26,JNB,EBB,03L,14.0,35,352.11,01:00,10.0,11.0,,6.21,M,13.0,11.0,-0.8,03L,04:30,20.0,15.0,,4.97,RA,19.0,13.3,7.0,35,30.24
UR122-41a6be85.csv,UGD122,14SEP26,EBB,JUB,35,352.11,31,310.0,04:00,40.0,17.0,,4.97,RA,19.0,11.4,12.6,35,,,,,,,,,,,30.09
UR200-41a6dc61.csv,UGD200,14SEP26,EBB,NBO,35,352.11,06,54.0,05:00,360.0,15.0,,5.59,RA,19.0,14.9,2.1,35,06:00,180.0,3.0,,6.21,M,18.0,-1.8,2.4,24,30.12
UR123-41a6f97b.csv,UGD123,14SEP26,JUB,EBB,31,310.0,17,172.1,,,,,,,,,,,07:00,140.0,1.0,,6.21,M,21.0,0.8,-0.5,,
UR900-41a70d6d.csv,UGD900,14SEP26,EBB,LOS,17,172.1,18R,180.0,07:00,140.0,1.0,,6.21,M,21.0,0.8,-0.5,,11:00,230.0,6.0,,,M,26.0,3.9,4.6,18L,30.15
UR201-41a71fbf.csv,UGD201,14SEP26,NBO,EBB,06,54.0,17,172.1,07:00,,2.0,,6.21,M,20.0,,,,08:00,70.0,2.0,,6.21,M,23.0,-0.4,-2.0,,30.33
UR320-41a74223.csv,UGD320,14SEP26,EBB,DAR,17,172.1,05,45.0,08:30,70.0,3.0,,6.21,M,23.0,-0.6,-2.9,12,10:00,,,,6.21,M,32.0,,,,30.15
UR321-41a7ac25.csv,UGD321,14SEP26,DAR,EBB,05,45.0,17,172.1,11:00,170.0,10.0,,6.21,M,31.0,-5.7,8.2,14,12:30,180.0,3.0,,6.21,M,25.0,3.0,0.4,17,30.03
UR901-41a7e26d.csv,UGD901,14SEP26,LOS,EBB,18R,180.0,17,172.1,12:00,270.0,3.0,,,M,27.0,0.0,3.0,18L,17:00,180.0,5.0,,6.21,M,23.0,5.0,0.7,17,30.0
UR360-41a82d2a.csv,UGD360,14SEP26,EBB,BJM,17,172.1,17,172.0,13:30,190.0,5.0,,6.21,M,25.0,4.8,1.5,17,13:00,180.0,14.0,,4.97,M,31.0,13.9,1.9,17,30.03
UR206-41a86189.csv,UGD206,14SEP26,EBB,NBO,17,172.1,06,54.0,14:30,180.0,5.0,,6.21,M,25.0,5.0,0.7,17,15:00,90.0,12.0,,6.21,M,25.0,9.7,7.1,06,30.03
UR361-41a8924e.csv,UGD361,14SEP26,BJM,EBB,17,172.0,17,172.1,15:00,180.0,12.0,,4.97,M,31.0,11.9,1.7,17,16:00,180.0,5.0,,6.21,M,24.0,5.0,0.7,17,29.88
UR207-41a8dbba.csv,UGD207,14SEP26,NBO,EBB,06,54.0,17,172.1,16:30,170.0,6.0,,6.21,M,20.0,-2.6,5.4,24,17:30,190.0,4.0,,6.21,M,23.0,3.8,1.2,17,30.21
UR208-41a9522d.csv,UGD208,14SEP26,EBB,NBO,17,172.1,06,54.0,19:00,190.0,2.0,,6.21,M,22.0,1.9,0.6,,19:30,,2.0,,6.21,M,19.0,,,,30.09
UR712-41a97106.csv,UGD712,14SEP26,EBB,JNB,,,03R,14.0,19:30,250.0,3.0,,6.21,M,22.0,,,,23:00,30.0,15.0,,4.97,M,11.0,14.4,4.1,03L,30.09
UR209-41a9a5f8.csv,UGD209,14SEP26,NBO,EBB,06,54.0,17,172.1,20:00,40.0,4.0,,6.21,M,17.0,3.9,-1.0,06,21:30,320.0,2.0,,6.21,M,22.0,-1.7,1.1,,30.3
UR713-41aa4999.csv,UGD713,15SEP26,JNB,EBB,03L,14.0,17,172.1,00:00,30.0,11.0,,5.59,M,11.0,10.6,3.0,03L,04:30,0.0,0.0,,5.59,M,21.0,-0.0,-0.0,,30.21
UR520-41aa7af2.csv,UGD520,15SEP26,EBB,MGQ,17,172.1,,,02:00,350.0,3.0,,6.21,M,20.0,-3.0,0.1,35,04:00,190.0,11.0,,6.21,M,25.0,,,,30.03
UR200-41aad374.csv,UGD200,15SEP26,EBB,NBO,17,172.1,06,54.0,04:30,0.0,0.0,,5.59,M,21.0,-0.0,-0.0,,05:30,150.0,5.0,,6.21,M,16.0,-0.5,5.0,24,30.09
UR521-41aaef9c.csv,UGD521,15SEP26,MGQ,EBB,,,17,172.1,05:00,180.0,10.0,,6.21,M,25.0,,,,07:30,190.0,4.0,,6.21,M,26.0,3.8,1.2,17,30.0
UR201-41ab1cfb.csv,UGD201,15SEP26,NBO,EBB,06,54.0,17,172.1,07:00,170.0,8.0,,6.21,M,17.0,-3.5,7.2,24,07:30,190.0,4.0,,6.21,M,26.0,3.8,1.2,17,30.33
UR110-41ab2720.csv,UGD110,15SEP26,EBB,LGW,17,172.1,26L,258.0,07:30,190.0,4.0,,6.21,M,26.0,3.8,1.2,17,15:50,290.0,11.0,,6.21,M,22.0,9.3,5.8,26R,30.12
UR320-41ab6437.csv,UGD320,15SEP26,EBB,DAR,17,172.1,05,45.0,09:00,160.0,5.0,,6.21,M,28.0,4.9,-1.0,17,10:30,120.0,12.0,,6.21,M,30.0,3.1,11.6,14,30.12
UR120-41abad91.csv,UGD120,15SEP26,EBB,JUB,17,172.1,13,130.0,11:00,170.0,8.0,,6.21,M,27.0,8.0,-0.3,17,,,,,,,,,,,30.06
UR321-41abde8c.csv,UGD321,15SEP26,DAR,EBB,05,45.0,17,172.1,12:00,100.0,11.0,,6.21,M,30.0,6.3,9.0,14,13:30,180.0,5.0,,6.21,M,28.0,5.0,0.7,17,30.03
UR121-41ac15c0.csv,UGD121,15SEP26,JUB,EBB,13,130.0,17,172.1,,,,,,,,,,,13:30,180.0,5.0,,6.21,M,28.0,5.0,0.7,17,
UR360-41ac3092.csv,UGD360,15SEP26,EBB,BJM,17,172.1,17,172.0,13:00,180.0,5.0,,6.21,M,28.0,5.0,0.7,17,14:00,180.0,14.0,,4.35,M,31.0,13.9,1.9,17,30.0
UR722-41ac3a41.csv,UGD722,15SEP26,HRE,LUN,05,46.0,10,95.2,13:00,40.0,10.0,,4.97,M,28.0,9.9,-1.0,05,,,,,,,,,,,30.24
UR206-41ac818e.csv,UGD206,15SEP26,EBB,NBO,17,172.1,06,54.0,14:30,140.0,6.0,,6.21,M,27.0,5.1,-3.2,12,15:30,70.0,8.0,,6.21,M,20.0,7.7,2.2,06,29.97
UR361-41aca66a.csv,UGD361,15SEP26,BJM,EBB,17,172.0,17,172.1,15:00,180.0,18.0,,4.97,M,30.0,17.8,2.5,17,16:00,140.0,4.0,,6.21,M,26.0,3.4,-2.1,12,29.83
UR722-41acbdd5.csv,UGD722,15SEP26,LUN,EBB,10,95.2,17,172.1,15:00,110.0,14.0,,4.35,M,30.0,13.5,3.6,10,18:00,10.0,1.0,,6.21,M,24.0,-1.0,-0.3,,30.12
UR207-41ad0af7.csv,UGD207,15SEP26,NBO,EBB,06,54.0,17,172.1,16:30,80.0,10.0,,6.21,M,19.0,9.0,4.4,06,18:00,10.0,1.0,,6.21,M,24.0,-1.0,-0.3,,30.24
UR111-41ad6a9c.csv,UGD111,15SEP26,LGW,EBB,26L,258.0,35,352.11,18:50,260.0,7.0,,6.21,M,17.0,7.0,0.2,26R,03:30,340.0,3.0,,6.21,M,22.0,2.9,-0.6,35,30.0
UR712-41ad859e.csv,UGD712,15SEP26,EBB,JNB,17,172.1,21R,194.0,19:30,50.0,1.0,,6.21,M,23.0,-0.5,-0.8,,23:00,180.0,7.0,,6.21,M,11.0,6.8,-1.7,21R,30.03
UR713-41ae786f.csv,UGD713,16SEP26,JNB,EBB,21R,194.0,35,352.11,01:00,180.0,4.0,,6.21,M,12.0,3.9,-1.0,21R,04:30,10.0,3.0,,4.97,M,22.0,2.9,0.9,35,30.33
UR122-41aed958.csv,UGD122,16SEP26,EBB,JUB,17,172.1,13,130.0,03:30,340.0,3.0,,6.21,M,22.0,-2.9,0.6,35,,,,,,,,,,,30.06
UR200-41aefb2d.csv,UGD200,16SEP26,EBB,NBO,17,172.1,06,54.0,05:00,0.0,0.0,,4.97,M,22.0,-0.0,-0.0,,05:30,80.0,3.0,,6.21,M,17.0,2.7,1.3,06,30.09
UR123-41af1f03.csv,UGD123,16SEP26,JUB,EBB,13,130.0,17,172.1,,,,,,,,,,,06:30,260.0,5.0,,4.35,M,23.0,0.2,5.0,30,
UR710-41af37b6.csv,UGD710,16SEP26,EBB,JNB,35,352.11,03R,14.0,06:30,260.0,5.0,,4.35,M,23.0,-0.2,-5.0,30,10:30,310.0,13.0,,6.21,M,25.0,5.7,-11.7,03L,30.12
UR201-41af4085.csv,UGD201,16SEP26,NBO,EBB,06,54.0,17,172.1,07:00,160.0,6.0,,6.21,M,19.0,-1.7,5.8,24,07:30,160.0,10.0,,5.59,TSRA,22.0,9.8,-2.1,17,30.36
UR722-41af8771.csv,UGD722,16SEP26,EBB,HRE,17,172.1,05,46.0,09:00,150.0,2.0,,6.21,M,25.0,1.9,-0.8,,10:00,50.0,11.0,,3.11,HZ,28.0,11.0,0.8,05,30.12
UR334-41afa1fc.csv,UGD334,16SEP26,EBB,ZNZ,17,172.1,18,174.0,09:30,180.0,5.0,,6.21,M,27.0,5.0,0.7,17,11:00,150.0,15.0,,6.21,M,30.0,13.7,-6.1,18,30.12
UR722-41b034d5.csv,UGD722,16SEP26,HRE,LUN,05,46.0,10,95.2,13:00,40.0,10.0,,3.11,HZ,28.0,9.9,-1.0,05,13:00,110.0,14.0,,3.73,M,32.0,13.5,3.6,10,30.21
UR334-41b0562c.csv,UGD334,16SEP26,JRO,EBB,09,87.0,17,172.1,13:30,140.0,14.0,,6.21,M,24.0,8.4,11.2,09,14:30,180.0,8.0,,6.21,M,26.0,7.9,1.1,17,30.15
UR722-41b0a923.csv,UGD722,16SEP26,LUN,EBB,10,95.2,17,172.1,13:00,110.0,14.0,,3.73,M,32.0,13.5,3.6,10,17:00,180.0,6.0,,6.21,M,24.0,5.9,0.8,17,30.12
UR360-41b0f7aa.csv,UGD360,16SEP26,EBB,BJM,17,172.1,17,172.0,16:00,180.0,4.0,,6.21,M,25.0,4.0,0.5,17,17:00,360.0,6.0,,4.97,M,27.0,-5.9,-0.8,35,30.03
UR361-41b15ec7.csv,UGD361,16SEP26,BJM,EBB,35,352.0,17,172.1,18:00,0.0,0.0,,4.97,M,27.0,0.0,0.0,,18:30,200.0,5.0,,6.21,M,23.0,4.4,2.3,17,29.94
UR430-41b17dd5.csv,UGD430,16SEP26,EBB,BOM,17,172.1,27,269.0,18:30,200.0,5.0,,6.21,M,23.0,4.4,2.3,17,00:30,130.0,4.0,,1.86,HZ,27.0,-3.0,-2.6,14,30.03
UR208-41b1befa.csv,UGD208,16SEP26,EBB,NBO,17,172.1,06,54.0,19:30,270.0,6.0,,6.21,M,22.0,-0.8,5.9,30,20:30,180.0,7.0,,6.21,M,16.0,-4.1,5.7,24,30.06
UR342-41b1ca71.csv,UGD342,16SEP26,EBB,MBA,17,172.1,21,209.0,20:00,270.0,6.0,,6.21,M,22.0,-0.8,5.9,30,21:00,230.0,5.0,,6.21,M,23.0,4.7,1.8,21,30.06
UR209-41b21e7f.csv,UGD209,17SEP26,NBO,EBB,06,54.0,17,172.1,21:30,180.0,6.0,,6.21,M,16.0,-3.5,4.9,24,21:00,360.0,6.0,,6.21,M,21.0,-5.9,-0.8,35,30.24
UR343-41b23e17.csv,UGD343,17SEP26,MBA,EBB,21,209.0,17,172.1,22:30,210.0,4.0,,6.21,M,23.0,4.0,0.1,21,23:30,360.0,6.0,,6.21,M,21.0,-5.9,-0.8,35,30.0
UR431-41b2dfd1.csv,UGD431,17SEP26,BOM,EBB,27,269.0,17,172.1,03:00,200.0,8.0,,1.86,BR,29.0,2.9,-7.5,14,09:00,120.0,6.0,,6.21,M,23.0,3.7,-4.7,12,29.85
UR200-41b32993.csv,UGD200,17SEP26,EBB,NBO,35,352.11,06,54.0,05:00,360.0,7.0,,4.97,TSRA,18.0,6.9,1.0,35,05:30,190.0,6.0,,6.21,M,16.0,-4.3,4.2,24,30.12
UR201-41b37043.csv,UGD201,17SEP26,NBO,EBB,06,54.0,35,352.11,07:00,200.0,4.0,,6.21,M,18.0,-3.3,2.2,24,08:00,340.0,2.0,,6.21,M,22.0,2.0,-0.4,,30.33
UR322-41b390ba.csv,UGD322D,17SEP26,EBB,DAR,35,352.11,23,225.0,08:00,340.0,2.0,,6.21,M,22.0,2.0,-0.4,,09:00,230.0,4.0,,3.73,-RA,24.0,4.0,0.3,23,30.18
UR120-41b3e17b.csv,UGD120,17SEP26,EBB,JUB,17,172.1,13,130.0,10:00,160.0,10.0,,6.21,M,25.0,9.8,-2.1,17,,,,,,,,,,,30.12
UR722-41b3e53b.csv,UGD722,17SEP26,EBB,HRE,17,172.1,05,46.0,10:00,160.0,10.0,,6.21,M,25.0,9.8,-2.1,17,13:00,50.0,11.0,,3.11,HZ,28.0,11.0,0.8,05,30.12
UR360-41b48b5c.csv,UGD360,17SEP26,EBB,BJM,17,172.1,17,172.0,13:30,150.0,6.0,,6.21,M,25.0,5.6,-2.3,17,14:00,180.0,8.0,,4.97,M,29.0,7.9,1.1,17,30.03
UR722-41b498d2.csv,UGD722,17SEP26,HRE,LUN,05,46.0,10,95.2,14:00,30.0,9.0,,3.11,HZ,28.0,8.7,-2.5,05,,,,,,,,,,,30.21
UR722-41b50240.csv,UGD722,17SEP26,LUN,EBB,10,95.2,17,172.1,15:00,70.0,11.0,,5.59,M,30.0,10.0,-4.7,10,18:00,0.0,0.0,,6.21,M,23.0,-0.0,-0.0,,30.12
UR208-41b5cc6c.csv,UGD208,17SEP26,EBB,NBO,17,172.1,06,54.0,19:00,0.0,0.0,,6.21,M,23.0,-0.0,-0.0,,20:00,,6.0,,6.21,M,19.0,,,,30.09
UR902-41b5d884.csv,UGD902,17SEP26,EBB,LOS,17,172.1,18R,180.0,19:30,0.0,0.0,,6.21,M,23.0,-0.0,-0.0,,00:00,240.0,6.0,,6.21,M,26.0,3.0,5.2,18L,30.09
UR323-41b63125.csv,UGD323,18SEP26,DAR,EBB,23,225.0,17,172.1,21:30,190.0,3.0,,6.21,M,23.0,2.5,-1.7,23,23:00,90.0,3.0,,6.21,M,21.0,0.4,-3.0,12,30.06
UR209-41b64e88.csv,UGD209,18SEP26,NBO,EBB,06,54.0,17,172.1,21:30,150.0,5.0,,6.21,M,17.0,-0.5,5.0,24,22:00,0.0,0.0,,6.21,M,22.0,-0.0,-0.0,,30.27
UR713-41b6d0aa.csv,UGD713,18SEP26,JNB,EBB,21R,194.0,17,172.1,01:00,90.0,12.0,,4.35,M,12.0,-2.9,-11.6,03L,05:00,90.0,5.0,,6.21,M,21.0,0.7,-5.0,12,30.33
UR520-41b6edf9.csv,UGD520,18SEP26,EBB,EBB,17,172.1,17,172.1,00:30,90.0,4.0,,6.21,M,21.0,0.5,-4.0,12,00:30,90.0,4.0,,6.21,M,21.0,0.5,-4.0,12,30.0
UR903-41b6e6c7.csv,UGD903,18SEP26,LOS,EBB,18R,180.0,17,172.1,01:00,230.0,7.0,,6.21,M,26.0,4.5,5.4,18L,06:00,30.0,4.0,,5.59,M,23.0,-3.2,-2.5,35,29.97
UR200-41b75759.csv,UGD200,18SEP26,EBB,NBO,17,172.1,06,54.0,05:00,90.0,5.0,,6.21,M,21.0,0.7,-5.0,12,05:30,10.0,4.0,,6.21,M,17.0,2.9,-2.8,06,30.09
UR334-41b78418.csv,UGD334,18SEP26,EBB,ZNZ,17,172.1,18,174.0,06:00,30.0,4.0,,5.59,M,23.0,-3.2,-2.5,35,07:30,120.0,8.0,,6.21,M,28.0,4.7,-6.5,18,30.09
UR201-41b7a13a.csv,UGD201,18SEP26,NBO,EBB,06,54.0,17,172.1,07:00,70.0,6.0,,6.21,M,18.0,5.8,1.7,06,08:00,80.0,3.0,,6.21,M,28.0,-0.1,-3.0,12,30.3
UR710-41b7a974.csv,UGD710,18SEP26,EBB,JNB,17,172.1,03R,14.0,07:30,80.0,3.0,,5.59,M,27.0,-0.1,-3.0,12,11:30,50.0,14.0,,6.21,M,19.0,11.3,8.2,03L,30.12
UR110-41b7bd06.csv,UGD110,18SEP26,EBB,LGW,17,172.1,26L,258.0,08:00,80.0,3.0,,6.21,M,28.0,-0.1,-3.0,12,16:20,230.0,12.0,,6.21,-RA,17.0,10.6,-5.6,26R,30.12
UR334-41b82073.csv,UGD334,18SEP26,JRO,EBB,09,87.0,35,352.11,10:30,70.0,7.0,,6.21,M,24.0,6.7,-2.0,09,11:30,170.0,8.0,,6.21,M,28.0,-8.0,0.3,17,30.18
UR120-41b83349.csv,UGD120,18SEP26,EBB,JUB,17,172.1,13,130.0,11:00,120.0,4.0,,6.21,M,28.0,2.5,-3.2,12,,,,,,,,,,,30.06
UR711-41b89a49.csv,UGD711,18SEP26,JNB,EBB,03L,14.0,17,172.1,13:00,40.0,12.0,,6.21,M,20.0,10.8,5.3,03L,16:30,210.0,3.0,,6.21,M,24.0,2.4,1.8,17,30.33
UR121-41b8ad67.csv,UGD121,18SEP26,JUB,EBB,13,130.0,17,172.1,,,,,,,,,,,14:00,180.0,15.0,,6.21,M,26.0,14.9,2.1,17,
UR360-41b8bf52.csv,UGD360,18SEP26,EBB,BJM,17,172.1,17,172.0,13:30,180.0,12.0,,6.21,M,27.0,11.9,1.6,17,14:00,180.0,18.0,,5.59,M,31.0,17.8,2.5,17,30.0
UR361-41b92d13.csv,UGD361,18SEP26,BJM,EBB,17,172.0,17,172.1,15:00,180.0,16.0,,5.59,M,29.0,15.8,2.2,17,16:00,210.0,5.0,,6.21,M,24.0,3.9,3.1,17,29.88
UR206-41b93ad1.csv,UGD206,18SEP26,EBB,NBO,17,172.1,06,54.0,15:30,180.0,8.0,,6.21,M,25.0,7.9,1.1,17,16:00,100.0,7.0,,6.21,M,18.0,4.9,5.0,06,30.03
UR207-41b9b636.csv,UGD207,18SEP26,NBO,EBB,06,54.0,17,172.1,17:30,90.0,6.0,,6.21,M,17.0,4.9,3.5,06,18:00,240.0,3.0,,6.21,M,23.0,1.1,2.8,30,30.27
UR720-41b9d014.csv,UGD720,18SEP26,EBB,LUN,17,172.1,10,95.2,18:00,240.0,3.0,,6.21,M,23.0,1.1,2.8,30,20:00,100.0,11.0,,6.21,M,22.0,11.0,0.9,10,30.06
UR111-41b9eb2f.csv,UGD111,18SEP26,LGW,EBB,26L,258.0,17,172.1,18:50,230.0,9.0,,6.21,-RA,16.0,7.9,-4.2,26R,02:00,360.0,4.0,,6.21,M,22.0,-4.0,-0.5,35,29.97
UR902-41ba16f5.csv,UGD902,18SEP26,EBB,LOS,17,172.1,18R,180.0,19:30,260.0,3.0,,6.21,M,23.0,0.1,3.0,30,00:00,230.0,7.0,,6.21,M,26.0,4.5,5.4,18L,30.09
UR342-41ba2a93.csv,UGD342,18SEP26,EBB,MBA,17,172.1,21,209.0,19:30,260.0,3.0,,6.21,M,23.0,0.1,3.0,30,21:00,220.0,4.0,,6.21,M,23.0,3.9,0.8,21,30.09
UR343-41ba91dc.csv,UGD343,19SEP26,MBA,EBB,21,209.0,17,172.1,22:00,220.0,5.0,,6.21,M,23.0,4.9,1.0,21,23:30,350.0,5.0,,6.21,M,22.0,-5.0,0.2,35,30.06
UR720-41baca37.csv,UGD720,19SEP26,HRE,EBB,05,46.0,17,172.1,23:00,80.0,7.0,,3.11,HZ,15.0,5.8,3.9,05,02:00,360.0,4.0,,6.21,M,22.0,-4.0,-0.5,35,30.3
UR903-41bb128d.csv,UGD903,19SEP26,LOS,EBB,18R,180.0,17,172.1,00:00,230.0,7.0,,6.21,M,26.0,4.5,5.4,18L,05:30,120.0,3.0,,6.21,M,20.0,1.8,-2.4,12,29.97
UR520-41bb2cf4.csv,UGD520,19SEP26,EBB,MGQ,17,172.1,,,02:00,360.0,4.0,,6.21,M,22.0,-4.0,-0.5,35,04:00,230.0,8.0,,6.21,M,27.0,,,,30.06
UR200-41bb7f03.csv,UGD200,19SEP26,EBB,NBO,17,172.1,06,54.0,05:00,100.0,2.0,,6.21,-RA,20.0,0.6,-1.9,,05:30,170.0,3.0,,6.21,M,17.0,-1.3,2.7,24,30.12
UR521-41bb91a1.csv,UGD521,19SEP26,MGQ,EBB,,,17,172.1,05:00,240.0,6.0,,6.21,M,28.0,,,,07:30,180.0,5.0,,6.21,M,25.0,5.0,0.7,17,30.0
UR201-41bbb429.csv,UGD201,19SEP26,NBO,EBB,06,54.0,17,172.1,06:00,120.0,7.0,,6.21,M,18.0,2.8,6.4,06,07:30,180.0,5.0,,6.21,M,25.0,5.0,0.7,17,30.36
UR710-41bbc4d0.csv,UGD710,19SEP26,EBB,JNB,17,172.1,03R,14.0,07:30,180.0,5.0,,6.21,M,25.0,5.0,0.7,17,11:00,360.0,14.0,,6.21,M,21.0,13.6,-3.4,03L,30.18
UR120-41bc4a90.csv,UGD120,19SEP26,EBB,JUB,17,172.1,13,130.0,10:30,170.0,15.0,,6.21,M,27.0,15.0,-0.5,17,,,,,,,,,,,30.12
UR430-41bc4c6c.csv,UGD430,19SEP26,EBB,BOM,17,172.1,27,269.0,11:00,180.0,12.0,,6.21,M,27.0,11.9,1.6,17,17:00,330.0,5.0,,2.17,HZ,29.0,2.4,4.4,32,30.09
UR711-41bc9886.csv,UGD711,19SEP26,JNB,EBB,03L,14.0,17,172.1,12:30,10.0,11.0,,6.21,M,21.0,11.0,-0.8,03L,16:00,230.0,4.0,,6.21,M,24.0,2.1,3.4,17,30.36
UR121-41bca7aa.csv,UGD121,19SEP26,JUB,EBB,13,130.0,17,172.1,,,,,,,,,,,13:30,180.0,12.0,,6.21,M,26.0,11.9,1.6,17,
UR720-41bdc941.csv,UGD720,19SEP26,EBB,LUN,17,172.1,10,95.2,18:30,200.0,4.0,,6.21,M,24.0,3.5,1.9,17,20:00,120.0,6.0,,6.21,M,20.0,5.4,2.5,15,30.09
UR208-41bddb17.csv,UGD208,19SEP26,EBB,NBO,17,172.1,06,54.0,18:30,200.0,4.0,,6.21,M,24.0,3.5,1.9,17,19:30,80.0,7.0,,6.21,M,17.0,6.3,3.1,06,30.09
UR322-41bddf46.csv,UGD322,19SEP26,EBB,DAR,17,172.1,23,225.0,18:30,200.0,4.0,,6.21,M,24.0,3.5,1.9,17,20:00,150.0,6.0,,6.21,M,25.0,1.6,-5.8,14,30.09
UR431-41bdeae1.csv,UGD431,20SEP26,BOM,EBB,27,269.0,17,172.1,19:00,10.0,3.0,,2.17,BR,28.0,-0.6,2.9,32,00:30,20.0,3.0,,6.21,M,21.0,-2.7,-1.4,35,29.85
UR209-41be365c.csv,UGD209,20SEP26,NBO,EBB,06,54.0,17,172.1,20:00,70.0,6.0,,6.21,M,16.0,5.8,1.7,06,22:00,0.0,0.0,,6.21,M,22.0,-0.0,-0.0,,30.3
UR323-41be40cc.csv,UGD323,20SEP26,DAR,EBB,23,225.0,35,352.11,21:30,150.0,4.0,,6.21,M,24.0,1.0,-3.9,14,22:30,260.0,2.0,,6.21,M,22.0,-0.1,-2.0,,30.09
UR720-41be4da9.csv,UGD720,20SEP26,LUN,HRE,10,95.2,05,46.0,22:00,110.0,6.0,,6.21,M,19.0,5.8,1.5,10,22:00,70.0,7.0,,6.21,M,16.0,6.4,2.8,05,30.24
UR520-41bed349.csv,UGD520,20SEP26,EBB,MGQ,17,172.1,,,02:00,350.0,3.0,,6.21,M,21.0,-3.0,0.1,35,04:00,220.0,10.0,,6.21,M,28.0,,,,30.06
UR200-41bef3ab.csv,UGD200,20SEP26,EBB,NBO,17,172.1,06,54.0,03:00,0.0,0.0,,6.21,M,21.0,-0.0,-0.0,,04:00,30.0,2.0,,6.21,M,14.0,1.8,-0.8,,30.06
UR201-41bf2c9c.csv,UGD201,20SEP26,NBO,EBB,06,54.0,17,172.1,05:00,,2.0,,6.21,M,17.0,,,,06:00,0.0,0.0,,6.21,M,23.0,-0.0,-0.0,,30.33
UR521-41bf3b9c.csv,UGD521,20SEP26,MGQ,EBB,,,17,172.1,06:00,200.0,8.0,,6.21,M,29.0,,,,08:00,170.0,4.0,,6.21,M,25.0,4.0,-0.1,17,30.0
UR120-41bf6752.csv,UGD120,20SEP26,EBB,JUB,17,172.1,13,130.0,07:00,270.0,3.0,,6.21,M,25.0,-0.4,3.0,30,,,,,,,,,,,30.15
UR110-41bf660b.csv,UGD110,20SEP26,EBB,LGW,17,172.1,26L,258.0,07:30,180.0,4.0,,6.21,M,26.0,4.0,0.5,17,15:50,330.0,10.0,,6.21,M,20.0,3.1,9.5,26R,30.15
UR320-41c00890.csv,UGD320,20SEP26,EBB,DAR,17,172.1,23,225.0,11:30,160.0,14.0,,6.21,M,27.0,13.7,-2.9,17,13:00,140.0,13.0,,6.21,M,31.0,1.1,-13.0,14,30.06
UR901-41c029f9.csv,UGD901,20SEP26,LOS,EBB,18R,180.0,17,172.1,12:00,260.0,7.0,,6.21,M,28.0,1.2,6.9,18L,17:00,200.0,7.0,,6.21,M,24.0,6.2,3.3,17,30.0
UR334-41c05140.csv,UGD334,20SEP26,JRO,EBB,27,267.0,17,172.1,13:00,40.0,8.0,,6.21,M,29.0,-5.5,5.9,09,14:00,160.0,14.0,,6.21,M,27.0,13.7,-2.9,17,30.09
UR321-41c08b8e.csv,UGD321,20SEP26,DAR,EBB,23,225.0,17,172.1,14:00,130.0,10.0,,6.21,M,29.0,-0.9,-10.0,14,15:30,160.0,8.0,,6.21,M,26.0,7.8,-1.7,17,30.0
UR206-41c0d4cb.csv,UGD206,20SEP26,EBB,NBO,17,172.1,06,54.0,15:30,160.0,8.0,,6.21,M,26.0,7.8,-1.7,17,16:30,100.0,12.0,,6.21,M,19.0,8.3,8.6,06,30.0
UR360-41c111dd.csv,UGD360,20SEP26,EBB,BJM,17,172.1,17,172.0,17:00,200.0,7.0,,6.21,M,24.0,6.2,3.3,17,18:00,180.0,8.0,,5.59,M,27.0,7.9,1.1,17,30.03
UR207-41c1368c.csv,UGD207,20SEP26,NBO,EBB,06,54.0,17,172.1,17:30,90.0,10.0,,6.21,M,19.0,8.1,5.9,06,18:30,200.0,8.0,,6.21,M,23.0,7.1,3.7,17,30.24
UR111-41c151cc.csv,UGD111,20SEP26,LGW,EBB,26L,258.0,17,172.1,18:50,320.0,5.0,,6.21,M,17.0,2.3,4.4,26R,02:30,360.0,8.0,,6.21,M,21.0,-7.9,-1.1,35,30.42
UR361-41c15e1f.csv,UGD361,20SEP26,BJM,EBB,17,172.0,17,172.1,18:00,180.0,8.0,,5.59,M,27.0,7.9,1.1,17,19:30,250.0,8.0,,6.21,M,23.0,1.7,7.8,30,29.91
UR712-41c184af.csv,UGD712,20SEP26,EBB,JNB,17,172.1,03R,14.0,19:30,250.0,8.0,,6.21,M,23.0,1.7,7.8,30,23:00,350.0,6.0,,6.21,M,15.0,5.5,-2.4,03L,30.06
UR720-41c196a3.csv,UGD720,20SEP26,EBB,LUN,17,172.1,10,95.2,20:00,250.0,8.0,,6.21,M,23.0,1.7,7.8,30,,,,,,,,,,,30.06
UR342-41c1b4e5.csv,UGD342,21SEP26,EBB,MBA,17,172.1,21,209.0,21:00,270.0,8.0,,6.21,M,23.0,-1.1,7.9,30,22:00,160.0,6.0,,6.21,M,25.0,3.9,-4.5,15,30.03
UR343-41c20a0a.csv,UGD343,21SEP26,MBA,EBB,21,209.0,35,352.11,23:00,170.0,9.0,,6.21,M,25.0,7.0,-5.7,15,00:30,360.0,8.0,,6.21,M,21.0,7.9,1.1,35,29.97
UR720-41c24dce.csv,UGD720,21SEP26,HRE,EBB,23,226.0,17,172.1,01:00,70.0,7.0,,6.21,M,14.0,-6.4,-2.8,05,03:30,340.0,4.0,,6.21,M,21.0,-3.9,0.8,35,30.21
UR713-41c24afe.csv,UGD713,21SEP26,JNB,EBB,03L,14.0,17,172.1,01:00,,2.0,,6.21,M,14.0,,,,05:00,340.0,5.0,,6.21,M,22.0,-4.9,1.0,35,30.3
UR122-41c2a08d.csv,UGD122,21SEP26,EBB,JUB,17,172.1,31,310.0,04:00,360.0,4.0,,6.21,M,21.0,-4.0,-0.5,35,,,,,,,,,,,30.03
UR200-41c2c35a.csv,UGD200,21SEP26,EBB,NBO,17,172.1,06,54.0,05:00,340.0,5.0,,6.21,M,22.0,-4.9,1.0,35,06:00,90.0,7.0,,6.21,M,17.0,5.7,4.1,06,30.06
UR123-41c2d26a.csv,UGD123,21SEP26,JUB,EBB,31,310.0,17,172.1,,,,,,,,,,,06:30,120.0,7.0,,6.21,M,27.0,4.3,-5.5,12,
UR900-41c2fbe8.csv,UGD900,21SEP26,EBB,LOS,17,172.1,18L,180.0,07:00,160.0,10.0,,6.21,M,28.0,9.8,-2.1,17,11:00,250.0,7.0,,6.21,M,28.0,2.4,6.6,18L,30.09
UR201-41c305d1.csv,UGD201,21SEP26,NBO,EBB,06,54.0,17,172.1,07:00,80.0,7.0,,6.21,M,19.0,6.3,3.1,06,08:00,140.0,15.0,,6.21,M,28.0,12.7,-8.0,12,30.3
UR320-41c32e3c.csv,UGD320,21SEP26,EBB,DAR,17,172.1,23,225.0,08:30,170.0,14.0,,6.21,M,28.0,14.0,-0.5,17,09:30,130.0,11.0,,6.21,M,31.0,-1.0,-11.0,14,30.09
UR321-41c390fe.csv,UGD321,21SEP26,DAR,EBB,05,45.0,17,172.1,11:00,130.0,11.0,,6.21,M,30.0,1.0,11.0,14,12:30,160.0,14.0,,6.21,M,27.0,13.7,-2.9,17,29.97
UR901-41c3d7e8.csv,UGD901,21SEP26,LOS,EBB,18R,180.0,17,172.1,12:00,270.0,8.0,,6.21,M,29.0,0.0,8.0,18L,17:00,110.0,3.0,,6.21,M,24.0,1.4,-2.7,12,29.97
UR360-41c40bf6.csv,UGD360,21SEP26,EBB,BJM,17,172.1,17,172.0,13:30,140.0,12.0,,6.21,M,26.0,10.2,-6.4,12,14:00,180.0,16.0,,5.59,M,32.0,15.8,2.2,17,29.94
UR206-41c4349e.csv,UGD206,21SEP26,EBB,NBO,17,172.1,06,54.0,14:00,140.0,8.0,,6.21,M,26.0,6.8,-4.3,12,15:00,80.0,12.0,,6.21,M,20.0,10.8,5.3,06,29.94
UR361-41c47829.csv,UGD361,21SEP26,BJM,EBB,17,172.0,17,172.1,15:00,180.0,10.0,,6.21,M,29.0,9.9,1.4,17,16:00,270.0,3.0,,6.21,M,26.0,-0.4,3.0,30,29.83
UR207-41c4b71a.csv,UGD207,21SEP26,NBO,EBB,06,54.0,17,172.1,16:30,110.0,9.0,,6.21,M,19.0,5.0,7.5,06,17:30,270.0,3.0,,6.21,M,24.0,-0.4,3.0,30,30.21
UR720-41c501f0.csv,UGD720,21SEP26,EBB,LUN,17,172.1,10,95.2,18:00,270.0,3.0,,6.21,M,24.0,-0.4,3.0,30,20:00,160.0,4.0,,6.21,M,20.0,1.7,3.6,15,30.0
UR208-41c52e98.csv,UGD208,21SEP26,EBB,NBO,17,172.1,06,54.0,19:00,260.0,3.0,,6.21,M,24.0,0.1,3.0,30,20:00,70.0,8.0,,6.21,M,18.0,7.7,2.2,06,30.0
UR712-41c53e06.csv,UGD712,21SEP26,EBB,JNB,17,172.1,21L,194.0,19:30,90.0,3.0,,6.21,M,24.0,0.4,-3.0,12,23:00,120.0,4.0,,6.21,M,14.0,1.1,-3.8,21R,30.03
UR209-41c58ffa.csv,UGD209,22SEP26,NBO,EBB,06,54.0,17,172.1,21:00,70.0,8.0,,6.21,M,18.0,7.7,2.2,06,22:00,90.0,3.0,,6.21,M,23.0,0.4,-3.0,12,30.24
UR720-41c5e8a0.csv,UGD720,22SEP26,HRE,EBB,05,46.0,17,172.1,,,,,,,,,,,02:00,280.0,5.0,,6.21,M,21.0,-1.5,4.8,30,
UR713-41c616b2.csv,UGD713,22SEP26,JNB,EBB,21L,194.0,17,172.1,01:00,90.0,7.0,,6.21,M,12.0,-1.7,-6.8,03L,04:30,0.0,0.0,,6.21,M,22.0,-0.0,-0.0,,30.3
UR520-41c641c3.csv,UGD520,22SEP26,EBB,MGQ,17,172.1,,,02:00,280.0,5.0,,6.21,M,21.0,-1.5,4.8,30,04:00,200.0,10.0,,6.21,M,27.0,,,,30.0
UR200-41c6a102.csv,UGD200,22SEP26,EBB,NBO,17,172.1,06,54.0,05:00,360.0,3.0,,6.21,M,22.0,-3.0,-0.4,35,05:30,,2.0,,6.21,M,18.0,,,,30.06
UR521-41c6ad5d.csv,UGD521,22SEP26,MGQ,EBB,,,17,172.1,05:00,190.0,10.0,,6.21,M,27.0,,,,07:30,120.0,5.0,,5.59,M,27.0,3.1,-3.9,12,29.94
UR201-41c6eb7e.csv,UGD201,22SEP26,NBO,EBB,06,54.0,17,172.1,06:00,,4.0,,6.21,M,20.0,,,,08:00,120.0,4.0,,6.21,M,27.0,2.5,-3.2,12,30.3
UR110-41c6f1e4.csv,UGD110,22SEP26,EBB,LGW,17,172.1,26L,258.0,07:30,120.0,5.0,,5.59,M,27.0,3.1,-3.9,12,15:50,,2.0,,6.21,M,25.0,,,,30.09
UR320-41c723d3.csv,UGD320,22SEP26,EBB,DAR,17,172.1,23,225.0,08:30,160.0,7.0,,6.21,M,27.0,6.8,-1.5,17,10:00,160.0,11.0,,6.21,M,30.0,4.6,-10.0,14,30.09
UR120-41c73bfe.csv,UGD120,22SEP26,EBB,JUB,17,172.1,31,310.0,09:30,170.0,5.0,,6.21,M,28.0,5.0,-0.2,17,,,,,,,,,,,30.06
UR722-41c7464b.csv,UGD722,22SEP26,EBB,HRE,17,172.1,05,46.0,10:00,170.0,6.0,,6.21,M,28.0,6.0,-0.2,17,12:00,130.0,3.0,,6.21,M,25.0,0.3,3.0,05,30.03
UR121-41c785ac.csv,UGD121,22SEP26,JUB,EBB,31,310.0,17,172.1,,,,,,,,,,,12:00,170.0,5.0,,6.21,M,27.0,5.0,-0.2,17,
UR321-41c78c36.csv,UGD321,22SEP26,DAR,EBB,05,45.0,17,172.1,11:30,140.0,12.0,,6.21,M,32.0,-1.0,12.0,14,13:00,170.0,5.0,,6.21,M,26.0,5.0,-0.2,17,29.97
UR360-41c81794.csv,UGD360,22SEP26,EBB,BJM,17,172.1,17,172.0,14:00,310.0,3.0,,6.21,M,26.0,-2.2,2.0,30,,,,,,,,,,,29.94
UR206-41c837bf.csv,UGD206,22SEP26,EBB,NBO,17,172.1,06,54.0,14:30,300.0,4.0,,6.21,M,26.0,-2.5,3.2,30,15:00,90.0,14.0,,6.21,M,23.0,11.3,8.2,06,29.97
UR361-41c86b89.csv,UGD361,22SEP26,BJM,EBB,17,172.0,17,172.1,,,,,,,,,,,16:00,190.0,2.0,,6.21,M,25.0,1.9,0.6,,
UR722-41c87dc6.csv,UGD722,22SEP26,LUN,EBB,10,95.2,17,172.1,15:00,90.0,12.0,,6.21,M,29.0,12.0,-1.1,10,18:00,270.0,5.0,,6.21,M,23.0,-0.7,5.0,30,30.12
UR207-41c8b8fc.csv,UGD207,22SEP26,NBO,EBB,06,54.0,17,172.1,16:30,90.0,10.0,,6.21,M,21.0,8.1,5.9,06,17:30,260.0,3.0,,6.21,M,24.0,0.1,3.0,30,30.18
UR712-41c9412d.csv,UGD712,22SEP26,EBB,JNB,,,03L,14.0,19:30,290.0,5.0,,6.21,M,23.0,,,,23:00,20.0,9.0,,6.21,M,15.0,9.0,0.9,03L,30.06
UR713-41ca1f5e.csv,UGD713,23SEP26,JNB,EBB,03L,14.0,17,172.1,01:00,40.0,6.0,,6.21,M,12.0,5.4,2.6,03L,04:30,360.0,4.0,,5.59,M,21.0,-4.0,-0.5,35,30.33
UR200-41ca65dc.csv,UGD200,23SEP26,EBB,NBO,17,172.1,06,54.0,03:00,350.0,7.0,,5.59,M,21.0,-7.0,0.3,35,03:30,,2.0,,6.21,M,16.0,,,,30.06
UR122-41ca7c4d.csv,UGD122,23SEP26,EBB,JUB,17,172.1,31,310.0,03:30,360.0,3.0,,5.59,M,21.0,-3.0,-0.4,35,,,,,,,,,,,30.06
UR201-41caa5ee.csv,UGD201,23SEP26,NBO,EBB,06,54.0,35,352.11,05:00,40.0,5.0,,6.21,M,17.0,4.9,-1.2,06,05:30,360.0,8.0,,4.97,RA,21.0,7.9,1.1,35,30.3
UR123-41cac651.csv,UGD123,23SEP26,JUB,EBB,31,310.0,35,352.11,,,,,,,,,,,07:00,270.0,8.0,,6.21,M,23.0,1.1,-7.9,30,
UR111-41cacce3.csv,UGD111,23SEP26,LGW,EBB,26L,258.0,17,172.1,06:20,90.0,2.0,,6.21,M,13.0,-2.0,-0.4,,14:30,250.0,4.0,,6.21,M,22.0,0.8,3.9,30,30.24
UR710-41cadaf2.csv,UGD710,23SEP26,EBB,JNB,35,352.11,03R,14.0,06:30,290.0,10.0,,6.21,M,22.0,4.7,-8.8,30,10:30,,5.0,,6.21,M,23.0,,,,30.12
UR334-41caf213.csv,UGD334,23SEP26,EBB,ZNZ,35,352.11,18,174.0,07:00,270.0,8.0,,6.21,M,23.0,1.1,-7.9,30,08:30,200.0,8.0,,6.21,M,28.0,7.2,3.5,18,30.15
UR722-41cb37c9.csv,UGD722,23SEP26,EBB,HRE,17,172.1,05,46.0,09:00,190.0,8.0,,6.21,M,24.0,7.6,2.5,17,12:00,50.0,9.0,,6.21,M,28.0,9.0,0.6,05,30.15
UR334-41cb471b.csv,UGD334,23SEP26,ZNZ,JRO,18,174.0,09,87.0,09:30,170.0,9.0,,6.21,M,29.0,9.0,-0.6,18,10:00,90.0,6.0,,6.21,M,30.0,6.0,0.3,09,30.06
UR334-41cb83d2.csv,UGD334,23SEP26,JRO,EBB,09,87.0,17,172.1,11:00,70.0,9.0,,6.21,M,30.0,8.6,-2.6,09,12:00,210.0,3.0,,5.59,DZ,22.0,2.4,1.8,17,30.09
UR711-41cbbd6b.csv,UGD711,23SEP26,JNB,EBB,03L,14.0,17,172.1,12:30,,7.0,,6.21,M,24.0,,,,16:00,260.0,4.0,,6.21,M,22.0,0.1,4.0,30,30.3
UR722-41cbf624.csv,UGD722,23SEP26,HRE,LUN,05,46.0,10,95.2,13:00,40.0,8.0,,6.21,M,28.0,8.0,-0.8,05,13:00,120.0,8.0,,6.21,M,30.0,7.3,3.4,15,30.18
UR360-41cc0238.csv,UGD360,23SEP26,EBB,BJM,17,172.1,17,172.0,13:00,230.0,6.0,,5.59,-RA,22.0,3.2,5.1,17,14:00,180.0,20.0,,5.59,M,32.0,19.8,2.8,17,30.03
UR722-41cc657c.csv,UGD722,23SEP26,LUN,EBB,10,95.2,17,172.1,15:00,90.0,13.0,,6.21,M,29.0,12.9,-1.2,10,17:30,270.0,5.0,,6.21,M,21.0,-0.7,5.0,30,30.15
UR361-41cc7365.csv,UGD361,23SEP26,BJM,EBB,17,172.0,17,172.1,15:00,180.0,12.0,,5.59,M,30.0,11.9,1.7,17,16:00,260.0,4.0,,6.21,M,22.0,0.1,4.0,30,29.88
UR342-41cce283.csv,UGD342,23SEP26,EBB,MBA,17,172.1,21,209.0,17:00,270.0,5.0,,6.21,M,21.0,-0.7,5.0,30,18:30,150.0,5.0,,6.21,M,25.0,2.6,-4.3,15,30.06
UR430-41cd1b1c.csv,UGD430,23SEP26,EBB,BOM,17,172.1,27,269.0,18:30,290.0,4.0,,6.21,M,21.0,-1.9,3.5,30,00:30,330.0,4.0,,1.86,BR,29.0,1.9,3.5,32,30.12
UR322-41cd30a8.csv,UGD322,23SEP26,EBB,DAR,17,172.1,05,45.0,19:00,270.0,4.0,,6.21,M,21.0,-0.5,4.0,30,20:30,130.0,2.0,,6.21,M,23.0,0.2,2.0,,30.12
UR208-41cd42ae.csv,UGD208,23SEP26,EBB,NBO,17,172.1,06,54.0,19:00,270.0,4.0,,6.21,M,21.0,-0.5,4.0,30,20:00,50.0,7.0,,6.21,M,17.0,7.0,-0.5,06,30.12
UR343-41cd5d4d.csv,UGD343,23SEP26,MBA,EBB,21,209.0,17,172.1,19:30,160.0,5.0,,6.21,M,25.0,3.3,-3.8,15,21:00,320.0,4.0,,6.21,M,21.0,-3.4,2.1,30,30.06
UR209-41cd9edc.csv,UGD209,24SEP26,NBO,EBB,06,54.0,17,172.1,20:30,50.0,8.0,,6.21,M,17.0,8.0,-0.6,06,22:00,360.0,6.0,,6.21,M,21.0,-5.9,-0.8,35,30.3
UR323-41cdadc0.csv,UGD323,24SEP26,DAR,EBB,05,45.0,35,352.11,21:30,290.0,1.0,,6.21,M,22.0,-0.4,-0.9,,22:30,340.0,6.0,,6.21,M,20.0,5.9,-1.3,35,30.06
UR431-41ce7ca8.csv,UGD431,24SEP26,BOM,EBB,27,269.0,17,172.1,03:00,310.0,7.0,,1.86,BR,30.0,5.3,4.6,32,08:30,340.0,4.0,,6.21,M,27.0,-3.9,0.8,35,29.77
UR200-41cec179.csv,UGD200,24SEP26,EBB,NBO,17,172.1,06,54.0,04:00,360.0,5.0,,6.21,M,20.0,-5.0,-0.7,35,05:00,350.0,4.0,,6.21,M,17.0,1.8,-3.6,06,30.12
UR201-41cf065c.csv,UGD201,24SEP26,NBO,EBB,06,54.0,17,172.1,06:30,,4.0,,6.21,M,20.0,,,,07:30,350.0,3.0,,6.21,M,26.0,-3.0,0.1,35,30.33
UR722-41cf7ff7.csv,UGD722,24SEP26,EBB,HRE,17,172.1,05,46.0,10:00,130.0,7.0,,6.21,M,28.0,5.2,-4.7,12,12:00,110.0,7.0,,6.21,M,30.0,3.1,6.3,05,30.12
UR120-41cfb0b4.csv,UGD120,24SEP26,EBB,JUB,17,172.1,13,130.0,11:00,170.0,10.0,,6.21,M,27.0,10.0,-0.4,17,,,,,,,,,,,30.09
UR121-41d01c10.csv,UGD121,24SEP26,JUB,EBB,13,130.0,17,172.1,,,,,,,,,,,14:00,140.0,8.0,,6.21,M,26.0,6.8,-4.3,12,
UR360-41d0495a.csv,UGD360,24SEP26,EBB,BJM,17,172.1,17,172.0,14:00,140.0,8.0,,6.21,M,26.0,6.8,-4.3,12,14:00,120.0,16.0,,5.59,TS,31.0,9.9,-12.6,17,30.03
UR361-41d0ac3c.csv,UGD361,24SEP26,BJM,EBB,17,172.0,17,172.1,14:00,120.0,16.0,,5.59,TS,31.0,9.9,-12.6,17,16:30,190.0,5.0,,6.21,M,25.0,4.8,1.5,17,29.91
UR722-41d04814.csv,UGD722,24SEP26,HRE,LUN,05,46.0,10,95.2,15:00,150.0,8.0,,6.21,M,26.0,-1.9,7.8,23,16:00,110.0,10.0,,6.21,M,29.0,9.7,2.6,10,30.24
UR722-41d11d2c.csv,UGD722,24SEP26,LUN,EBB,10,95.2,17,172.1,17:00,120.0,7.0,,6.21,M,26.0,6.4,2.9,15,20:00,240.0,5.0,,6.21,M,23.0,1.9,4.6,30,30.18
UR322-41d151a5.csv,UGD322,24SEP26,EBB,DAR,17,172.1,05,45.0,18:30,220.0,5.0,,6.21,M,23.0,3.4,3.7,17,20:00,130.0,3.0,,6.21,M,24.0,0.3,3.0,14,30.06
UR208-41d1676e.csv,UGD208,24SEP26,EBB,NBO,17,172.1,06,54.0,19:00,220.0,5.0,,6.21,M,23.0,3.4,3.7,17,20:00,,2.0,,6.21,M,18.0,,,,30.06
UR712-41d178bd.csv,UGD712,24SEP26,EBB,JNB,17,172.1,21R,194.0,19:30,240.0,5.0,,6.21,M,23.0,1.9,4.6,30,01:00,10.0,5.0,,5.59,M,13.0,-5.0,0.3,03L,30.06
UR209-41d1cb47.csv,UGD209,25SEP26,NBO,EBB,06,54.0,17,172.1,21:00,30.0,4.0,,6.21,M,17.0,3.7,-1.6,06,22:00,290.0,5.0,,6.21,M,22.0,-2.3,4.4,30,30.3
UR323-41d1d872.csv,UGD323,25SEP26,DAR,EBB,05,45.0,17,172.1,21:30,,1.0,,6.21,M,23.0,,,,23:00,240.0,5.0,,6.21,M,22.0,1.9,4.6,30,30.03
UR902-41d1e3e1.csv,UGD902,25SEP26,EBB,LOS,17,172.1,18R,180.0,22:00,290.0,5.0,,6.21,M,22.0,-2.3,4.4,30,02:00,200.0,3.0,,4.97,M,25.0,2.8,1.0,18L,30.06
UR713-41d279a5.csv,UGD713,25SEP26,JNB,EBB,21R,194.0,17,172.1,01:00,10.0,5.0,,5.59,M,13.0,-5.0,0.3,03L,04:30,360.0,2.0,,5.59,M,22.0,-2.0,-0.3,,30.39
UR520-41d29ef4.csv,UGD520,25SEP26,EBB,MGQ,17,172.1,,,01:00,360.0,5.0,,6.21,M,22.0,-5.0,-0.7,35,04:00,200.0,15.0,,6.21,M,27.0,,,,30.03
UR903-41d2cd1f.csv,UGD903,25SEP26,LOS,EBB,18R,180.0,17,172.1,03:00,230.0,3.0,,4.35,M,25.0,1.9,2.3,18L,08:00,70.0,10.0,,5.59,M,29.0,-2.1,-9.8,12,29.97
UR200-41d2f65d.csv,UGD200,25SEP26,EBB,NBO,17,172.1,06,54.0,04:30,360.0,2.0,,5.59,M,22.0,-2.0,-0.3,,05:30,170.0,4.0,,6.21,M,17.0,-1.8,3.6,24,30.09
UR521-41d30795.csv,UGD521,25SEP26,MGQ,EBB,,,17,172.1,05:00,220.0,14.0,,6.21,M,28.0,,,,07:00,360.0,4.0,,5.59,M,27.0,-4.0,-0.5,35,30.0
UR334-41d326c3.csv,UGD334,25SEP26,EBB,ZNZ,17,172.1,18,174.0,06:00,340.0,3.0,,4.35,M,26.0,-2.9,0.6,35,07:30,200.0,6.0,,6.21,M,27.0,5.4,2.6,18,30.12
UR201-41d33f1f.csv,UGD201,25SEP26,NBO,EBB,06,54.0,17,172.1,07:00,140.0,8.0,,6.21,M,20.0,0.6,8.0,06,07:30,60.0,3.0,,5.59,M,28.0,-1.1,-2.8,12,30.33
UR110-41d363f4.csv,UGD110,25SEP26,EBB,LGW,17,172.1,26L,258.0,08:00,70.0,10.0,,5.59,M,29.0,-2.1,-9.8,12,16:20,320.0,8.0,,6.21,M,23.0,3.8,7.1,26R,30.12
UR334-41d38d30.csv,UGD334,25SEP26,ZNZ,JRO,18,174.0,09,87.0,09:00,190.0,4.0,,6.21,M,27.0,3.8,1.1,18,09:30,120.0,4.0,,6.21,M,28.0,3.4,2.2,09,30.06
UR710-41d39f0e.csv,UGD710,25SEP26,EBB,JNB,17,172.1,03R,14.0,09:30,140.0,15.0,,6.21,TS,27.0,12.7,-8.0,12,13:30,,3.0,,6.21,M,24.0,,,,30.09
UR334-41d3d70e.csv,UGD334,25SEP26,JRO,EBB,27,267.0,17,172.1,11:00,90.0,10.0,,6.21,M,30.0,-10.0,-0.5,09,12:00,260.0,2.0,,6.21,DZ,23.0,0.1,2.0,,30.09
UR120-41d3da59.csv,UGD120,25SEP26,EBB,JUB,17,172.1,13,130.0,11:00,160.0,3.0,,6.21,TS,26.0,2.9,-0.6,17,,,,,,,,,,,30.06
UR121-41d44538.csv,UGD121,25SEP26,JUB,EBB,13,130.0,17,172.1,,,,,,,,,,,13:30,260.0,2.0,,5.59,M,22.0,0.1,2.0,,
UR360-41d4692e.csv,UGD360,25SEP26,EBB,BJM,17,172.1,17,172.0,13:30,260.0,2.0,,5.59,M,22.0,0.1,2.0,,14:00,180.0,16.0,,5.59,M,30.0,15.8,2.2,17,30.0
UR206-41d4b294.csv,UGD206,25SEP26,EBB,NBO,17,172.1,06,54.0,14:30,260.0,3.0,,6.21,M,23.0,0.1,3.0,30,15:30,90.0,13.0,,6.21,M,23.0,10.5,7.6,06,29.97
UR711-41d4ba36.csv,UGD711,25SEP26,JNB,EBB,03L,14.0,17,172.1,15:00,,2.0,,6.21,M,23.0,,,,18:30,300.0,3.0,,6.21,M,22.0,-1.8,2.4,30,30.27
UR361-41d4ceaa.csv,UGD361,25SEP26,BJM,EBB,17,172.0,17,172.1,15:00,180.0,12.0,,5.59,M,30.0,11.9,1.7,17,16:00,270.0,3.0,,6.21,M,23.0,-0.4,3.0,30,29.85
UR342-41d4f600.csv,UGD342,25SEP26,EBB,MBA,17,172.1,21,209.0,15:30,270.0,3.0,,6.21,M,23.0,-0.4,3.0,30,17:00,140.0,7.0,,6.21,M,26.0,2.5,-6.5,15,29.97
UR207-41d53375.csv,UGD207,25SEP26,NBO,EBB,06,54.0,17,172.1,16:00,90.0,11.0,,6.21,M,23.0,8.9,6.5,06,17:30,270.0,2.0,,6.21,M,23.0,-0.3,2.0,,30.18
UR720-41d56e3e.csv,UGD720,25SEP26,EBB,LUN,17,172.1,10,95.2,18:00,310.0,3.0,,6.21,M,22.0,-2.2,2.0,30,20:00,130.0,6.0,,6.21,M,22.0,4.9,3.4,15,30.03
UR343-41d57937.csv,UGD343,25SEP26,MBA,EBB,21,209.0,17,172.1,18:00,150.0,6.0,,6.21,M,25.0,3.1,-5.1,15,19:30,290.0,2.0,,6.21,M,22.0,-0.9,1.8,,30.0
UR322-41d5a011.csv,UGD322,25SEP26,EBB,DAR,17,172.1,05,45.0,19:00,270.0,4.0,,6.21,M,22.0,-0.5,4.0,30,20:00,130.0,4.0,,6.21,M,24.0,0.3,4.0,14,30.06
UR111-41d59a03.csv,UGD111,25SEP26,LGW,EBB,26L,258.0,35,352.11,18:50,310.0,5.0,,6.21,M,20.0,3.1,3.9,26R,03:00,360.0,6.0,,4.97,M,21.0,5.9,0.8,35,30.06
UR902-41d5e034.csv,UGD902,25SEP26,EBB,LOS,17,172.1,18R,180.0,20:00,290.0,2.0,,6.21,M,22.0,-0.9,1.8,,00:00,140.0,3.0,,6.21,M,26.0,2.3,-1.9,18L,30.06
UR323-41d61442.csv,UGD323,26SEP26,DAR,EBB,05,45.0,17,172.1,21:00,110.0,2.0,,6.21,M,23.0,0.8,1.8,,23:00,320.0,4.0,,6.21,M,21.0,-3.4,2.1,30,30.03
UR720-41d61c34.csv,UGD720,25SEP26,LUN,HRE,10,95.2,05,46.0,20:00,130.0,6.0,,6.21,M,22.0,4.9,3.4,15,22:00,70.0,6.0,,6.21,M,15.0,5.5,2.4,05,30.15
UR720-41d66a10.csv,UGD720,26SEP26,HRE,EBB,05,46.0,17,172.1,22:00,70.0,6.0,,6.21,M,15.0,5.5,2.4,05,01:30,20.0,3.0,,6.21,M,21.0,-2.7,-1.4,35,30.24
UR520-41d6bc21.csv,UGD520,26SEP26,EBB,MGQ,17,172.1,,,01:30,20.0,3.0,,6.21,M,21.0,-2.7,-1.4,35,,,,,,,,,,,30.0
UR903-41d6b979.csv,UGD903,26SEP26,LOS,EBB,18R,180.0,17,172.1,00:00,140.0,3.0,,6.21,M,26.0,2.3,-1.9,18L,06:00,360.0,5.0,,4.35,M,25.0,-5.0,-0.7,35,30.0
UR200-41d71a6e.csv,UGD200,26SEP26,EBB,NBO,17,172.1,06,54.0,05:00,360.0,5.0,,4.35,M,22.0,-5.0,-0.7,35,05:30,90.0,6.0,,6.21,M,19.0,4.9,3.5,06,30.06
UR521-41d72087.csv,UGD521,26SEP26,MGQ,EBB,,,17,172.1,05:00,210.0,13.0,,6.21,M,28.0,,,,07:00,350.0,3.0,,5.59,M,27.0,-3.0,0.1,35,29.97
UR201-41d75ec0.csv,UGD201,26SEP26,NBO,EBB,06,54.0,17,172.1,07:00,,3.0,,6.21,M,21.0,,,,08:00,110.0,6.0,,6.21,M,29.0,2.8,-5.3,12,30.3
UR710-41d76c86.csv,UGD710,26SEP26,EBB,JNB,17,172.1,03R,14.0,07:30,30.0,6.0,,5.59,M,28.0,-4.7,-3.7,35,11:30,350.0,13.0,,6.21,M,24.0,11.9,-5.3,03L,30.09
UR722-41d7b9c6.csv,UGD722,26SEP26,EBB,HRE,17,172.1,,,09:30,140.0,8.0,,6.21,M,28.0,6.8,-4.3,12,12:00,,6.0,,6.21,M,28.0,,,,30.06
UR430-41d7e73d.csv,UGD430,26SEP26,EBB,BOM,17,172.1,27,269.0,11:00,210.0,12.0,,6.21,M,27.0,9.5,7.4,17,17:30,240.0,6.0,,2.49,HZ,29.0,5.2,-2.9,27,30.0
UR120-41d7f4d1.csv,UGD120,26SEP26,EBB,JUB,17,172.1,13,130.0,11:00,210.0,12.0,,6.21,M,27.0,9.5,7.4,17,,,,,,,,,,,30.0
UR121-41d858f1.csv,UGD121,26SEP26,JUB,EBB,13,130.0,17,172.1,,,,,,,,,,,13:30,220.0,12.0,,6.21,M,28.0,8.0,8.9,17,
UR711-41d85e46.csv,UGD711,26SEP26,JNB,EBB,03L,14.0,17,172.1,13:00,340.0,12.0,,6.21,M,24.0,9.9,-6.7,03L,17:00,180.0,4.0,,6.21,M,24.0,4.0,0.5,17,30.12
UR722-41d88101.csv,UGD722,26SEP26,HRE,LUN,05,46.0,10,95.2,13:00,,5.0,,6.21,M,29.0,,,,14:00,130.0,4.0,,6.21,M,31.0,3.3,2.3,15,30.09
UR722-41d8ea85.csv,UGD722,26SEP26,LUN,EBB,10,95.2,17,172.1,15:00,80.0,4.0,,6.21,M,31.0,3.9,-1.0,10,17:30,190.0,6.0,,6.21,M,24.0,5.7,1.8,17,30.03
UR720-41d988a3.csv,UGD720,26SEP26,EBB,LUN,17,172.1,10,95.2,18:30,250.0,4.0,,6.21,M,24.0,0.8,3.9,30,21:00,150.0,4.0,,6.21,M,21.0,2.3,3.3,15,29.97
UR322-41d99270.csv,UGD322,26SEP26,EBB,DAR,17,172.1,05,45.0,18:30,250.0,4.0,,6.21,M,24.0,0.8,3.9,30,20:00,140.0,4.0,,6.21,M,25.0,-0.3,4.0,14,29.97
UR208-41d99e43.csv,UGD208,26SEP26,EBB,NBO,17,172.1,06,54.0,19:00,270.0,4.0,,6.21,M,24.0,-0.5,4.0,30,20:00,50.0,6.0,,6.21,M,17.0,6.0,-0.4,06,29.97
UR431-41d9c242.csv,UGD431,27SEP26,BOM,EBB,27,269.0,35,352.11,20:00,230.0,5.0,,2.49,HZ,28.0,3.9,-3.1,27,02:00,40.0,5.0,,6.21,M,22.0,3.4,3.7,35,29.83
UR209-41d9ef18.csv,UGD209,27SEP26,NBO,EBB,06,54.0,17,172.1,21:00,50.0,8.0,,6.21,M,17.0,8.0,-0.6,06,21:00,270.0,3.0,,6.21,M,23.0,-0.4,3.0,30,30.21
UR323-41d9f6a3.csv,UGD323,27SEP26,DAR,EBB,05,45.0,17,172.1,21:00,160.0,4.0,,6.21,M,24.0,-1.7,3.6,14,21:00,270.0,3.0,,6.21,M,23.0,-0.4,3.0,30,29.97
UR720-41da07e3.csv,UGD720,27SEP26,LUN,HRE,10,95.2,05,46.0,22:00,140.0,4.0,,6.21,M,20.0,2.8,2.8,15,21:00,40.0,7.0,,6.21,M,19.0,7.0,-0.7,05,30.09
UR720-41da422c.csv,UGD720,27SEP26,HRE,EBB,05,46.0,17,172.1,23:00,30.0,10.0,,6.21,M,19.0,9.6,-2.8,05,02:00,40.0,5.0,,6.21,M,22.0,-3.4,-3.7,35,30.12
UR520-41da89cb.csv,UGD520,27SEP26,EBB,MGQ,17,172.1,,,01:30,360.0,5.0,,6.21,M,22.0,-5.0,-0.7,35,04:00,230.0,5.0,,6.21,M,26.0,,,,29.97
UR200-41dad9af.csv,UGD200,27SEP26,EBB,NBO,35,352.11,06,54.0,05:00,360.0,12.0,,6.21,M,19.0,11.9,1.6,35,06:00,50.0,3.0,,6.21,M,19.0,3.0,-0.2,06,30.06
UR521-41daeb6e.csv,UGD521,27SEP26,MGQ,EBB,,,35,352.11,05:00,220.0,7.0,,6.21,M,28.0,,,,07:30,280.0,6.0,,6.21,M,23.0,1.8,-5.7,30,29.94
UR334-41db0769.csv,UGD334,27SEP26,EBB,ZNZ,35,352.11,18,174.0,06:00,360.0,10.0,,6.21,M,20.0,9.9,1.4,35,07:30,140.0,10.0,,6.21,M,28.0,8.3,-5.6,18,30.09
UR110-41db1bb9.csv,UGD110,27SEP26,EBB,LGW,35,352.11,26L,258.0,07:00,360.0,8.0,,6.21,M,22.0,7.9,1.1,35,15:20,190.0,10.0,,6.21,-RA,19.0,3.7,-9.3,26R,30.09
UR201-41db1c4e.csv,UGD201,27SEP26,NBO,EBB,06,54.0,35,352.11,07:00,,6.0,,6.21,M,22.0,,,,08:00,290.0,6.0,,6.21,M,24.0,2.8,-5.3,30,30.3
UR334-41dba48c.csv,UGD334,27SEP26,JRO,EBB,27,267.0,17,172.1,10:30,90.0,12.0,,6.21,M,28.0,-12.0,-0.6,09,11:30,220.0,10.0,,6.21,M,28.0,6.7,7.4,17,30.09
UR120-41dbbee6.csv,UGD120,27SEP26,EBB,JUB,17,172.1,13,130.0,11:30,220.0,10.0,,6.21,M,28.0,6.7,7.4,17,,,,,,,,,,,30.0
UR360-41dc1a6f.csv,UGD360,27SEP26,EBB,BJM,17,172.1,17,172.0,13:00,190.0,5.0,,6.21,M,28.0,4.8,1.5,17,14:00,180.0,12.0,,5.59,M,32.0,11.9,1.7,17,29.97
UR121-41dc2618.csv,UGD121,27SEP26,JUB,EBB,13,130.0,17,172.1,,,,,,,,,,,14:00,170.0,5.0,,6.21,M,27.0,5.0,-0.2,17,
UR361-41dc8137.csv,UGD361,27SEP26,BJM,EBB,17,172.0,17,172.1,15:00,180.0,14.0,,5.59,M,30.0,13.9,1.9,17,16:00,120.0,3.0,,6.21,M,25.0,1.8,-2.4,12,29.83
UR342-41dcb112.csv,UGD342,27SEP26,EBB,MBA,17,172.1,21,209.0,16:00,120.0,3.0,,6.21,M,25.0,1.8,-2.4,12,17:30,170.0,5.0,,6.21,M,24.0,3.9,-3.1,15,29.97
UR206-41dcb77b.csv,UGD206,27SEP26,EBB,NBO,17,172.1,06,54.0,16:00,120.0,3.0,,6.21,M,25.0,1.8,-2.4,12,17:00,90.0,10.0,,6.21,M,21.0,8.1,5.9,06,29.97
UR207-41dd12bf.csv,UGD207,27SEP26,NBO,EBB,06,54.0,17,172.1,18:00,90.0,10.0,,6.21,M,21.0,8.1,5.9,06,19:00,340.0,3.0,,6.21,M,23.0,-2.9,0.6,35,30.18
UR720-41dd141b.csv,UGD720,27SEP26,EBB,LUN,17,172.1,10,95.2,18:00,180.0,3.0,,6.21,M,25.0,3.0,0.4,17,20:00,150.0,4.0,,6.21,M,23.0,2.3,3.3,15,29.97
UR111-41dd1fbf.csv,UGD111,27SEP26,LGW,EBB,26L,258.0,17,172.1,18:50,220.0,8.0,,5.59,M,18.0,6.3,-4.9,26R,02:00,10.0,4.0,,6.21,M,22.0,-3.8,-1.2,35,29.94
UR343-41dd378b.csv,UGD343,27SEP26,MBA,EBB,21,209.0,35,352.11,19:00,150.0,4.0,,6.21,M,25.0,2.1,-3.4,15,20:00,320.0,3.0,,6.21,M,23.0,2.5,-1.6,30,29.97
UR712-41dd574b.csv,UGD712,27SEP26,EBB,JNB,17,172.1,21R,194.0,19:00,340.0,3.0,,6.21,M,23.0,-2.9,0.6,35,23:00,150.0,6.0,,6.21,M,15.0,4.3,-4.2,21R,30.0
UR208-41dd6c0c.csv,UGD208,27SEP26,EBB,NBO,17,172.1,06,54.0,20:00,320.0,3.0,,6.21,M,23.0,-2.5,1.6,30,19:00,80.0,10.0,,6.21,M,20.0,9.0,4.4,06,30.0
UR209-41ddc3bb.csv,UGD209,28SEP26,NBO,EBB,06,54.0,17,172.1,22:00,80.0,8.0,,6.21,M,18.0,7.2,3.5,06,23:00,10.0,3.0,,6.21,M,23.0,-2.9,-0.9,35,30.21
UR720-41dde759.csv,UGD720,28SEP26,HRE,EBB,,,17,172.1,23:00,50.0,6.0,,6.21,M,19.0,,,05,01:30,10.0,3.0,,6.21,M,21.0,-2.9,-0.9,35,30.12
UR713-41de262a.csv,UGD713,28SEP26,JNB,EBB,21R,194.0,17,172.1,01:00,170.0,7.0,,6.21,M,13.0,6.4,-2.8,21R,05:00,50.0,3.0,,6.21,M,22.0,-1.6,-2.5,35,30.12
UR122-41de7ef4.csv,UGD122,28SEP26,EBB,JUB,17,172.1,13,130.0,04:00,140.0,7.0,,6.21,M,21.0,5.9,-3.7,12,,,,,,,,,,,30.03
UR200-41de9953.csv,UGD200,28SEP26,EBB,NBO,17,172.1,06,54.0,04:30,120.0,3.0,,6.21,M,22.0,1.8,-2.4,12,05:00,80.0,4.0,,6.21,M,18.0,3.6,1.8,06,30.06
UR123-41deb61c.csv,UGD123,28SEP26,JUB,EBB,13,130.0,17,172.1,,,,,,,,,,,06:30,360.0,4.0,,6.21,M,25.0,-4.0,-0.5,35,
UR710-41dece0e.csv,UGD710,28SEP26,EBB,JNB,17,172.1,03R,14.0,06:30,360.0,4.0,,6.21,M,25.0,-4.0,-0.5,35,10:30,350.0,11.0,,6.21,M,24.0,10.0,-4.5,03L,30.09
UR201-41dedae8.csv,UGD201,28SEP26,NBO,EBB,06,54.0,17,172.1,07:00,140.0,8.0,,6.21,M,20.0,0.6,8.0,06,07:30,360.0,6.0,,6.21,M,26.0,-5.9,-0.8,35,30.27
UR900-41dee090.csv,UGD900,28SEP26,EBB,LOS,17,172.1,18R,180.0,07:00,360.0,7.0,,6.21,M,25.0,-6.9,-1.0,35,11:00,200.0,7.0,,4.97,-RA,26.0,6.6,2.4,18L,30.09
UR320-41df0915.csv,UGD320,28SEP26,EBB,DAR,17,172.1,05,45.0,08:00,360.0,6.0,,6.21,M,28.0,-5.9,-0.8,35,09:30,90.0,9.0,,6.21,M,31.0,6.4,6.4,05,30.09
UR321-41df7645.csv,UGD321,28SEP26,DAR,EBB,05,45.0,17,172.1,11:00,110.0,10.0,,6.21,M,31.0,4.2,9.1,14,12:30,160.0,6.0,,6.21,M,29.0,5.9,-1.3,17,29.94
UR711-41df94dc.csv,UGD711,28SEP26,JNB,EBB,03L,14.0,17,172.1,12:00,340.0,9.0,,6.21,M,25.0,7.5,-5.0,03L,15:30,180.0,10.0,,6.21,M,27.0,9.9,1.4,17,30.15
UR901-41dfb1b1.csv,UGD901,28SEP26,LOS,EBB,18R,180.0,17,172.1,13:00,210.0,9.0,,6.21,M,27.0,7.8,4.5,18L,17:00,270.0,10.0,,6.21,M,26.0,-1.4,9.9,30,29.91
UR360-41e0028b.csv,UGD360,28SEP26,EBB,BJM,17,172.1,17,172.0,13:30,160.0,10.0,,6.21,M,29.0,9.8,-2.1,17,14:00,180.0,12.0,,5.59,M,32.0,11.9,1.7,17,29.94
UR206-41e01fb8.csv,UGD206,28SEP26,EBB,NBO,17,172.1,06,54.0,14:00,170.0,10.0,,6.21,M,28.0,10.0,-0.4,17,15:00,90.0,12.0,,6.21,M,23.0,9.7,7.1,06,29.94
UR361-41e0546b.csv,UGD361,28SEP26,BJM,EBB,17,172.0,17,172.1,15:00,180.0,10.0,,5.59,M,31.0,9.9,1.4,17,16:00,160.0,6.0,,6.21,M,27.0,5.9,-1.3,17,29.83
UR207-41e08fd3.csv,UGD207,28SEP26,NBO,EBB,06,54.0,17,172.1,16:00,90.0,11.0,,6.21,M,21.0,8.9,6.5,06,17:00,270.0,10.0,,6.21,M,26.0,-1.4,9.9,30,30.15
UR322-41e0e2d4.csv,UGD322,28SEP26,EBB,DAR,17,172.1,05,45.0,18:00,270.0,8.0,,6.21,M,25.0,-1.1,7.9,30,19:00,130.0,6.0,,6.21,M,25.0,0.5,6.0,14,29.97
UR208-41e10850.csv,UGD208,28SEP26,EBB,NBO,17,172.1,06,54.0,18:30,270.0,3.0,,6.21,M,25.0,-0.4,3.0,30,19:00,80.0,10.0,,6.21,M,18.0,9.0,4.4,06,30.0
UR720-41e10d3d.csv,UGD720,28SEP26,EBB,LUN,17,172.1,10,95.2,18:30,270.0,3.0,,6.21,M,25.0,-0.4,3.0,30,21:00,160.0,3.0,,6.21,M,22.0,1.3,2.7,15,30.0
UR712-41e127a4.csv,UGD712,28SEP26,EBB,JNB,17,172.1,03R,14.0,19:30,270.0,3.0,,6.21,M,24.0,-0.4,3.0,30,23:00,40.0,11.0,,4.35,M,12.0,9.9,4.8,03L,30.0
UR323-41e15b0a.csv,UGD323,28SEP26,DAR,EBB,23,225.0,17,172.1,20:30,140.0,4.0,,6.21,M,23.0,0.3,-4.0,14,22:00,90.0,3.0,,6.21,M,23.0,0.4,-3.0,12,30.0
UR209-41e16155.csv,UGD209,28SEP26,NBO,EBB,06,54.0,17,172.1,20:00,60.0,8.0,,6.21,M,18.0,8.0,0.8,06,21:30,0.0,0.0,,6.21,M,23.0,-0.0,-0.0,,30.24
UR720-41e1b15e.csv,UGD720,29SEP26,LUN,HRE,10,95.2,05,46.0,22:00,,1.0,,6.21,M,21.0,,,,23:00,110.0,5.0,,6.21,M,20.0,2.2,4.5,05,30.09
UR720-41e1f9cb.csv,UGD720,29SEP26,HRE,NBO,05,46.0,06,54.0,00:00,90.0,7.0,,6.21,M,19.0,5.0,4.9,05,,,,,,,,,,,30.18
UR713-41e20960.csv,UGD713,29SEP26,JNB,EBB,03L,14.0,35,352.11,01:00,50.0,12.0,,6.21,-RA,12.0,9.7,7.1,03L,04:30,90.0,17.0,,4.35,TSRA,18.0,-2.3,16.8,12,30.27
UR520-41e233f0.csv,UGD520,29SEP26,EBB,MGQ,17,172.1,,,01:00,0.0,0.0,,6.21,M,22.0,-0.0,-0.0,,04:00,210.0,15.0,,6.21,M,27.0,,,,30.0
UR200-41e293db.csv,UGD200,29SEP26,EBB,NBO,35,352.11,06,54.0,05:00,270.0,5.0,,5.59,TSRA,19.0,0.7,-5.0,30,05:30,70.0,5.0,,6.21,M,20.0,4.8,1.4,06,30.12
41e29857.csv,UGD720X,29SEP26,NBO,EBB,06,54.0,35,352.11,05:00,100.0,10.0,,6.21,M,19.0,6.9,7.2,06,06:00,90.0,3.0,,4.35,TSRA,19.0,-0.4,3.0,12,30.27
UR521-41e2acd1.csv,UGD521,29SEP26,MGQ,EBB,,,35,352.11,05:00,210.0,12.0,,6.21,M,29.0,,,,08:00,270.0,4.0,,6.21,M,21.0,0.5,-4.0,30,29.94
UR201-41e2da29.csv,UGD201,29SEP26,NBO,EBB,06,54.0,35,352.11,07:00,80.0,10.0,,6.21,M,22.0,9.0,4.4,06,08:00,270.0,4.0,,6.21,M,21.0,0.5,-4.0,30,30.3
UR110-41e2ed75.csv,UGD110,29SEP26,EBB,LGW,35,352.11,08R,78.0,08:00,270.0,4.0,,6.21,M,21.0,0.5,-4.0,30,16:20,120.0,5.0,,6.21,M,22.0,3.7,3.3,08L,30.15
UR320-41e30e1b.csv,UGD320,29SEP26,EBB,DAR,35,352.11,05,45.0,08:30,300.0,3.0,,6.21,M,21.0,1.8,-2.4,30,10:00,140.0,7.0,,6.21,M,32.0,-0.6,7.0,14,30.15
UR722-41e33d9c.csv,UGD722,29SEP26,EBB,HRE,35,352.11,05,46.0,10:00,300.0,8.0,,6.21,M,22.0,4.9,-6.3,30,13:00,60.0,12.0,,6.21,M,28.0,11.6,2.9,05,30.12
UR120-41e348a9.csv,UGD120,29SEP26,EBB,JUB,35,352.11,13,130.0,10:00,300.0,8.0,,6.21,M,22.0,4.9,-6.3,30,,,,,,,,,,,30.12
UR321-41e3771f.csv,UGD321,29SEP26,DAR,EBB,05,45.0,35,352.11,11:00,130.0,9.0,,6.21,M,32.0,0.8,9.0,14,12:30,240.0,6.0,,6.21,M,25.0,-2.3,-5.6,30,30.0
UR121-41e39049.csv,UGD121,29SEP26,JUB,EBB,13,130.0,35,352.11,,,,,,,,,,,12:30,240.0,6.0,,6.21,M,25.0,-2.3,-5.6,30,
UR360-41e401a3.csv,UGD360,29SEP26,EBB,BJM,17,172.1,17,172.0,13:30,190.0,3.0,,6.21,M,26.0,2.9,0.9,17,14:00,180.0,12.0,,5.59,M,32.0,11.9,1.7,17,30.0
UR722-41e412af.csv,UGD722,29SEP26,HRE,LUN,05,46.0,10,95.2,13:00,60.0,12.0,,6.21,M,28.0,11.6,2.9,05,,,,,,,,,,,30.18
UR361-41e45e94.csv,UGD361,29SEP26,BJM,EBB,17,172.0,17,172.1,15:00,180.0,8.0,,6.21,M,30.0,7.9,1.1,17,16:00,230.0,2.0,,6.21,M,24.0,1.1,1.7,,29.85
UR722-41e47f5a.csv,UGD722,29SEP26,LUN,EBB,10,95.2,17,172.1,,,,,,,,,,,18:30,310.0,5.0,,6.21,M,23.0,-3.7,3.4,30,
UR206-41e4c9eb.csv,UGD206,29SEP26,EBB,NBO,17,172.1,06,54.0,17:00,260.0,3.0,,6.21,M,23.0,0.1,3.0,30,18:00,80.0,8.0,,6.21,M,20.0,7.2,3.5,06,30.0
UR207-41e5225e.csv,UGD207,29SEP26,NBO,EBB,06,54.0,17,172.1,19:00,70.0,7.0,,6.21,M,18.0,6.7,1.9,06,20:00,330.0,4.0,,6.21,M,23.0,-3.7,1.5,35,30.27
UR712-41e54182.csv,UGD712,29SEP26,EBB,JNB,17,172.1,03R,14.0,19:30,310.0,4.0,,6.21,M,22.0,-3.0,2.7,30,00:00,50.0,15.0,,4.35,M,9.0,12.1,8.8,03L,30.03
UR111-41e542d1.csv,UGD111,29SEP26,LGW,EBB,08R,78.0,17,172.1,19:50,130.0,6.0,,6.21,M,22.0,3.7,4.7,08L,04:00,0.0,0.0,,6.21,M,20.0,-0.0,-0.0,,29.85
UR713-41e626a5.csv,UGD713,30SEP26,JNB,EBB,03L,14.0,17,172.1,01:00,60.0,13.0,,4.97,M,9.0,9.0,9.4,03L,05:00,0.0,0.0,,6.21,M,21.0,-0.0,-0.0,,30.39
UR122-41e68392.csv,UGD122,30SEP26,EBB,JUB,17,172.1,31,310.0,03:30,0.0,0.0,,6.21,M,20.0,-0.0,-0.0,,,,,,,,,,,,30.03
UR200-41e6aecc.csv,UGD200,30SEP26,EBB,NBO,17,172.1,06,54.0,05:00,0.0,0.0,,6.21,M,21.0,-0.0,-0.0,,06:00,,4.0,,6.21,M,18.0,,,,30.06
UR123-41e6bc42.csv,UGD123,30SEP26,JUB,EBB,31,310.0,17,172.1,,,,,,,,,,,06:30,260.0,2.0,,6.21,M,24.0,0.1,2.0,,
UR710-41e6eba3.csv,UGD710,30SEP26,EBB,JNB,17,172.1,03R,14.0,07:00,310.0,3.0,,6.21,M,25.0,-2.2,2.0,30,11:00,80.0,13.0,,6.21,-RA,11.0,5.3,11.9,03L,30.12
UR201-41e6f003.csv,UGD201,30SEP26,NBO,EBB,06,54.0,17,172.1,07:00,100.0,8.0,,6.21,M,20.0,5.6,5.8,06,08:00,80.0,3.0,,6.21,M,28.0,-0.1,-3.0,12,30.3
UR722-41e730df.csv,UGD722,30SEP26,EBB,HRE,17,172.1,05,46.0,09:00,170.0,5.0,,6.21,M,27.0,5.0,-0.2,17,11:00,100.0,7.0,,6.21,M,20.0,4.1,5.7,05,30.09
UR334-41e74f5c.csv,UGD334,30SEP26,EBB,ZNZ,17,172.1,18,174.0,09:30,180.0,5.0,,6.21,M,28.0,5.0,0.7,17,11:00,160.0,14.0,,6.21,M,31.0,13.6,-3.4,18,30.09
UR722-41e7cd4d.csv,UGD722,30SEP26,HRE,LUN,,,10,95.2,12:00,110.0,6.0,,6.21,M,20.0,,,05,13:00,100.0,12.0,,6.21,M,24.0,12.0,1.0,10,30.27
UR334-41e7d4be.csv,UGD334,30SEP26,ZNZ,JRO,18,174.0,09,87.0,12:30,150.0,13.0,,6.21,M,31.0,11.9,-5.3,18,13:30,70.0,11.0,,6.21,M,31.0,10.5,-3.2,09,29.97
UR711-41e7c625.csv,UGD711,30SEP26,JNB,EBB,03L,14.0,17,172.1,12:30,60.0,10.0,,6.21,M,12.0,6.9,7.2,03L,16:30,210.0,4.0,,6.21,M,24.0,3.2,2.5,17,30.45
UR360-41e7fcbc.csv,UGD360,30SEP26,EBB,BJM,17,172.1,17,172.0,,,,,,,,,,,14:00,,,,5.59,M,35.0,,,,
UR722-41e8342a.csv,UGD722,30SEP26,LUN,EBB,10,95.2,17,172.1,14:00,110.0,10.0,,6.21,M,24.0,9.7,2.6,10,16:30,210.0,4.0,,6.21,M,24.0,3.2,2.5,17,30.18
UR334-41e83ff2.csv,UGD334,30SEP26,JRO,EBB,,,17,172.1,14:30,80.0,9.0,,6.21,M,29.0,,,09,15:30,180.0,6.0,,6.21,M,25.0,5.9,0.8,17,30.03
UR361-41e8607c.csv,UGD361,30SEP26,BJM,EBB,17,172.0,17,172.1,15:00,180.0,15.0,,5.59,M,30.0,14.9,2.1,17,16:00,190.0,6.0,,6.21,M,25.0,5.7,1.8,17,29.83
UR342-41e8bc09.csv,UGD342,30SEP26,EBB,MBA,17,172.1,21,209.0,16:30,210.0,4.0,,6.21,M,24.0,3.2,2.5,17,18:00,160.0,6.0,,6.21,M,26.0,3.9,-4.5,15,29.97
UR430-41e8fb3a.csv,UGD430,30SEP26,EBB,BOM,17,172.1,27,269.0,18:00,260.0,4.0,,6.21,M,23.0,0.1,4.0,30,23:30,230.0,4.0,,1.86,HZ,27.0,3.1,-2.5,27,30.0
UR208-41e92968.csv,UGD208,30SEP26,EBB,NBO,17,172.1,06,54.0,19:00,280.0,5.0,,6.21,M,23.0,-1.5,4.8,30,19:30,100.0,6.0,,6.21,M,19.0,4.2,4.3,06,30.03
UR322-41e92d53.csv,UGD322,30SEP26,EBB,DAR,17,172.1,05,45.0,19:00,280.0,5.0,,6.21,M,23.0,-1.5,4.8,30,20:30,140.0,4.0,,6.21,M,24.0,-0.3,4.0,14,30.03
UR343-41e94875.csv,UGD343,30SEP26,MBA,EBB,21,209.0,17,172.1,19:30,160.0,5.0,,6.21,M,25.0,3.3,-3.8,15,20:30,280.0,5.0,,6.21,M,22.0,-1.5,4.8,30,30.0
