date,flight,callsign,origin,dest,tail,verified_track
2026-08-31,UR720,UGD720,LUN,HRE,5X-EQU,
2026-09-02,UR722,UGD722,HRE,LUN,5X-EQU,Y
2026-09-05,UR722,UGD722,HRE,LUN,5X-EQU,Y
2026-09-06,UR720,UGD720,LUN,HRE,5X-EQU,
2026-09-06,UR334,UGD334,ZNZ,JRO,5X-EQU,Y
2026-09-07,UR720,UGD720,LUN,HRE,5X-EQU,Y
2026-09-09,UR334,UGD334,ZNZ,JRO,5X-EQU,Y
2026-09-12,UR722,UGD722,HRE,LUN,5X-EQU,Y
2026-09-13,UR720,UGD720,LUN,HRE,5X-EQU,Y
2026-09-13,UR334,UGD334,ZNZ,JRO,5X-EQU,Y
2026-09-30,UR334,UGD334,ZNZ,JRO,5X-EQU,Y
2026-09-01,UR722,UGD722,HRE,LUN,5X-KDP,Y
2026-09-18,UR720,UGD720,LUN,HRE,5X-KDP,
2026-09-18,UR334,UGD334,ZNZ,JRO,5X-KDP,
2026-09-23,UR334,UGD334,ZNZ,JRO,5X-KDP,Y
2026-09-26,UR722,UGD722,HRE,LUN,5X-KDP,Y
2026-09-27,UR720,UGD720,LUN,HRE,5X-KDP,Y
2026-09-27,UR334,UGD334,ZNZ,JRO,5X-KDP,
2026-09-02,UR334,UGD334,ZNZ,JRO,5X-KOB,Y
2026-09-04,UR720,UGD720,LUN,HRE,5X-KOB,
2026-09-04,UR334,UGD334,ZNZ,JRO,5X-KOB,Y
2026-09-09,UR722,UGD722,HRE,LUN,5X-KOB,
2026-09-11,UR334,UGD334,ZNZ,JRO,5X-KOB,Y
2026-09-11,UR720,UGD720,LUN,HRE,5X-KOB,Y
2026-09-16,UR334,UGD334,ZNZ,JRO,5X-KOB,
2026-09-20,UR720,UGD720,LUN,HRE,5X-KOB,Y
2026-09-20,UR334,UGD334,ZNZ,JRO,5X-KOB,
2026-09-21,UR720,UGD720,LUN,HRE,5X-KOB,
2026-09-23,UR722,UGD722,HRE,LUN,5X-KOB,Y
2026-09-25,UR720,UGD720,LUN,HRE,5X-KOB,Y
2026-09-25,UR334,UGD334,ZNZ,JRO,5X-KOB,Y
2026-09-28,UR720,UGD720,LUN,HRE,5X-KOB,Y
2026-09-30,UR722,UGD722,HRE,LUN,5X-KOB,Y
2026-09-03,UR722,UGD722,HRE,LUN,ET-APL,Y
2026-09-05,UR720,UGD720,LUN,HRE,ET-APL,Y
2026-09-08,UR722,UGD722,HRE,LUN,ET-APL,Y
2026-09-10,UR722,UGD722,HRE,LUN,ET-APL,Y
2026-09-12,UR720,UGD720,LUN,HRE,ET-APL,Y
2026-09-15,UR722,UGD722,HRE,LUN,ET-APL,Y
2026-09-16,UR722,UGD722,HRE,LUN,ET-APL,Y
2026-09-17,UR722,UGD722,HRE,LUN,ET-APL,Y
2026-09-17,UR720,UGD720,LUN,HRE,ET-APL,
2026-09-19,UR720,UGD720,LUN,HRE,ET-APL,Y
2026-09-22,UR722,UGD722,HRE,LUN,ET-APL,
2026-09-24,UR722,UGD722,HRE,LUN,ET-APL,Y
2026-09-26,UR720,UGD720,LUN,HRE,ET-APL,Y
2026-09-29,UR722,UGD722,HRE,LUN,ET-APL,Y
